n,sentiment,decade,grammatical_collocates,tf,idf,tf_idf
91,Positive,1840,whole property,0.025540275049115914,0,0
8,Positive,1840,very property,0.002245298905416784,0.6931471805599453,0.0015563226058039749
555,Positive,1840,real property,0.15576761156328936,0,0
1,Positive,1840,strong landlord,2.80662363177098e-4,0.6931471805599453,1.9454032572549686e-4
106,Positive,1840,own property,0.029750210496772383,0,0
36,Positive,1840,much land,0.010103845074375527,0,0
50,Positive,1840,large property,0.014033118158854897,0,0
1,Positive,1840,own rentals,2.80662363177098e-4,0.6931471805599453,1.9454032572549686e-4
9,Positive,1840,rich lands,0.0025259612685938817,0.6931471805599453,0.0017508629315294718
21,Positive,1840,much property,0.005893909626719057,0,0
1,Positive,1840,best property,2.80662363177098e-4,0.6931471805599453,1.9454032572549686e-4
9,Positive,1840,literary property,0.0025259612685938817,0.6931471805599453,0.0017508629315294718
3,Positive,1840,exclusive property,8.419870895312938e-4,0.6931471805599453,5.836209771764905e-4
11,Positive,1840,best land,0.0030872859949480774,0.6931471805599453,0.002139943582980465
14,Positive,1840,great landowners,0.003929273084479371,0.6931471805599453,0.002723564560156956
32,Positive,1840,high rents,0.008981195621667135,0,0
53,Positive,1840,own land,0.014875105248386191,0.6931471805599453,0.010310637263451333
1,Positive,1840,considerable landowner,2.80662363177098e-4,0.6931471805599453,1.9454032572549686e-4
6,Positive,1840,rich land,0.0016839741790625876,0,0
6,Positive,1840,large rents,0.0016839741790625876,0.6931471805599453,0.001167241954352981
16,Positive,1840,fair rent,0.004490597810833568,0.6931471805599453,0.0031126452116079497
2,Positive,1840,good rent,5.61324726354196e-4,0.6931471805599453,3.890806514509937e-4
1,Positive,1840,respectable tenants,2.80662363177098e-4,0.6931471805599453,1.9454032572549686e-4
1,Positive,1840,whole tenement,2.80662363177098e-4,0.6931471805599453,1.9454032572549686e-4
25,Positive,1840,good landlord,0.0070165590794274485,0,0
1,Positive,1840,fair landlord,2.80662363177098e-4,0.6931471805599453,1.9454032572549686e-4
5,Positive,1840,vested property,0.0014033118158854898,0,0
4,Positive,1840,charitable property,0.001122649452708392,0.6931471805599453,7.781613029019874e-4
1,Positive,1840,hopeful lands,2.80662363177098e-4,0.6931471805599453,1.9454032572549686e-4
14,Positive,1840,own tenantry,0.003929273084479371,0,0
1,Positive,1840,many landholders,2.80662363177098e-4,0.6931471805599453,1.9454032572549686e-4
1,Positive,1840,rich landholders,2.80662363177098e-4,0.6931471805599453,1.9454032572549686e-4
1,Positive,1840,appropriate property,2.80662363177098e-4,0.6931471805599453,1.9454032572549686e-4
8,Positive,1840,worth property,0.002245298905416784,0.6931471805599453,0.0015563226058039749
34,Positive,1840,wild lands,0.009542520348021331,0.6931471805599453,0.006614371074666893
4,Positive,1840,valuable land,0.001122649452708392,0.6931471805599453,7.781613029019874e-4
7,Positive,1840,higher rents,0.0019646365422396855,0.6931471805599453,0.001361782280078478
5,Positive,1840,much rent,0.0014033118158854898,0.6931471805599453,9.727016286274842e-4
10,Positive,1840,whole rent,0.0028066236317709796,0.6931471805599453,0.0019454032572549685
2,Positive,1840,ready land,5.61324726354196e-4,0.6931471805599453,3.890806514509937e-4
14,Positive,1840,great property,0.003929273084479371,0,0
1,Positive,1840,first lease,2.80662363177098e-4,0.6931471805599453,1.9454032572549686e-4
8,Positive,1840,main land,0.002245298905416784,0.6931471805599453,0.0015563226058039749
18,Positive,1840,certain property,0.005051922537187763,0,0
1,Positive,1840,new property,2.80662363177098e-4,0.6931471805599453,1.9454032572549686e-4
1,Positive,1840,whole rents,2.80662363177098e-4,0.6931471805599453,1.9454032572549686e-4
3,Positive,1840,certain rent,8.419870895312938e-4,0.6931471805599453,5.836209771764905e-4
5,Positive,1840,certain tenants,0.0014033118158854898,0.6931471805599453,9.727016286274842e-4
2,Positive,1840,many tenements,5.61324726354196e-4,0.6931471805599453,3.890806514509937e-4
6,Positive,1840,new leases,0.0016839741790625876,0.6931471805599453,0.001167241954352981
28,Positive,1840,considerable property,0.007858546168958742,0.6931471805599453,0.005447129120313912
4,Positive,1840,good tenant,0.001122649452708392,0.6931471805599453,7.781613029019874e-4
4,Positive,1840,full rent,0.001122649452708392,0.6931471805599453,7.781613029019874e-4
22,Positive,1840,high rent,0.006174571989896155,0.6931471805599453,0.00427988716596093
27,Positive,1840,freehold property,0.007577883805781645,0,0
3,Positive,1840,many leases,8.419870895312938e-4,0.6931471805599453,5.836209771764905e-4
3,Positive,1840,generous landlord,8.419870895312938e-4,0.6931471805599453,5.836209771764905e-4
1,Positive,1840,happy tenants,2.80662363177098e-4,0.6931471805599453,1.9454032572549686e-4
16,Positive,1840,higher rent,0.004490597810833568,0.6931471805599453,0.0031126452116079497
1,Positive,1840,high property,2.80662363177098e-4,0.6931471805599453,1.9454032572549686e-4
3,Positive,1840,real rent,8.419870895312938e-4,0.6931471805599453,5.836209771764905e-4
2,Positive,1840,own lease,5.61324726354196e-4,0.6931471805599453,3.890806514509937e-4
4,Positive,1840,happy land,0.001122649452708392,0.6931471805599453,7.781613029019874e-4
1,Positive,1840,increased property,2.80662363177098e-4,0.6931471805599453,1.9454032572549686e-4
37,Positive,1840,many landlords,0.010384507437552624,0.6931471805599453,0.007197992051843383
5,Positive,1840,certain leases,0.0014033118158854898,0.6931471805599453,9.727016286274842e-4
1,Positive,1840,very vassal,2.80662363177098e-4,0.6931471805599453,1.9454032572549686e-4
2,Positive,1840,handsome property,5.61324726354196e-4,0.6931471805599453,3.890806514509937e-4
1,Positive,1840,mighty rent,2.80662363177098e-4,0.6931471805599453,1.9454032572549686e-4
14,Positive,1840,available land,0.003929273084479371,0.6931471805599453,0.002723564560156956
22,Positive,1840,more land,0.006174571989896155,0.6931471805599453,0.00427988716596093
15,Positive,1840,new land,0.004209935447656469,0.6931471805599453,0.0029181048858824524
1,Positive,1840,own vassal,2.80662363177098e-4,0.6931471805599453,1.9454032572549686e-4
16,Positive,1840,valuable property,0.004490597810833568,0.6931471805599453,0.0031126452116079497
4,Positive,1840,new tenants,0.001122649452708392,0.6931471805599453,7.781613029019874e-4
3,Positive,1840,great landowner,8.419870895312938e-4,0.6931471805599453,5.836209771764905e-4
35,Positive,1840,fertile land,0.009823182711198428,0.6931471805599453,0.006808911400392389
3,Positive,1840,clear rent,8.419870895312938e-4,0.6931471805599453,5.836209771764905e-4
5,Positive,1840,greater rent,0.0014033118158854898,0.6931471805599453,9.727016286274842e-4
3,Positive,1840,legal property,8.419870895312938e-4,0,0
7,Positive,1840,broad lands,0.0019646365422396855,0.6931471805599453,0.001361782280078478
1,Positive,1840,influential landlords,2.80662363177098e-4,0.6931471805599453,1.9454032572549686e-4
4,Positive,1840,excellent landlords,0.001122649452708392,0.6931471805599453,7.781613029019874e-4
28,Positive,1840,good landlords,0.007858546168958742,0.6931471805599453,0.005447129120313912
2,Positive,1840,granting leases,5.61324726354196e-4,0.6931471805599453,3.890806514509937e-4
14,Positive,1840,whole land,0.003929273084479371,0.6931471805599453,0.002723564560156956
1,Positive,1840,own landlord,2.80662363177098e-4,0.6931471805599453,1.9454032572549686e-4
1,Positive,1840,certain tenements,2.80662363177098e-4,0.6931471805599453,1.9454032572549686e-4
6,Positive,1840,general property,0.0016839741790625876,0.6931471805599453,0.001167241954352981
1,Positive,1840,bright land,2.80662363177098e-4,0.6931471805599453,1.9454032572549686e-4
1,Positive,1840,secure property,2.80662363177098e-4,0.6931471805599453,1.9454032572549686e-4
17,Positive,1840,outgoing tenant,0.0047712601740106655,0.6931471805599453,0.0033071855373334466
2,Positive,1840,favoured land,5.61324726354196e-4,0.6931471805599453,3.890806514509937e-4
1,Positive,1840,devoted land,2.80662363177098e-4,0.6931471805599453,1.9454032572549686e-4
1,Positive,1840,faithful vassal,2.80662363177098e-4,0.6931471805599453,1.9454032572549686e-4
7,Positive,1840,powerful vassal,0.0019646365422396855,0.6931471805599453,0.001361782280078478
1,Positive,1840,high landlord,2.80662363177098e-4,0.6931471805599453,1.9454032572549686e-4
2,Positive,1840,responsible tenant,5.61324726354196e-4,0.6931471805599453,3.890806514509937e-4
5,Positive,1840,more rent,0.0014033118158854898,0.6931471805599453,9.727016286274842e-4
17,Positive,1840,own lands,0.0047712601740106655,0,0
1,Positive,1840,new rent,2.80662363177098e-4,0.6931471805599453,1.9454032572549686e-4
22,Positive,1840,own tenants,0.006174571989896155,0,0
19,Positive,1840,wild land,0.005332584900364861,0.6931471805599453,0.0036962661887844405
4,Positive,1840,fresh land,0.001122649452708392,0.6931471805599453,7.781613029019874e-4
32,Positive,1840,increased rent,0.008981195621667135,0.6931471805599453,0.0062252904232158995
1,Positive,1840,prosperous land,2.80662363177098e-4,0.6931471805599453,1.9454032572549686e-4
1,Positive,1840,favour property,2.80662363177098e-4,0.6931471805599453,1.9454032572549686e-4
2,Positive,1840,improved rents,5.61324726354196e-4,0.6931471805599453,3.890806514509937e-4
22,Positive,1840,certain lands,0.006174571989896155,0,0
21,Positive,1840,good land,0.005893909626719057,0.6931471805599453,0.004085346840235434
1,Positive,1840,smiling land,2.80662363177098e-4,0.6931471805599453,1.9454032572549686e-4
2,Positive,1840,intelligent landowner,5.61324726354196e-4,0.6931471805599453,3.890806514509937e-4
1,Positive,1840,most landowners,2.80662363177098e-4,0.6931471805599453,1.9454032572549686e-4
1,Positive,1840,growing lands,2.80662363177098e-4,0.6931471805599453,1.9454032572549686e-4
1,Positive,1840,new landlord,2.80662363177098e-4,0.6931471805599453,1.9454032572549686e-4
1,Positive,1840,fresh leases,2.80662363177098e-4,0.6931471805599453,1.9454032572549686e-4
1,Positive,1840,richest landowners,2.80662363177098e-4,0.6931471805599453,1.9454032572549686e-4
1,Positive,1840,own villany,2.80662363177098e-4,0.6931471805599453,1.9454032572549686e-4
2,Positive,1840,richer lands,5.61324726354196e-4,0.6931471805599453,3.890806514509937e-4
1,Positive,1840,strong lands,2.80662363177098e-4,0.6931471805599453,1.9454032572549686e-4
1,Positive,1840,real rental,2.80662363177098e-4,0.6931471805599453,1.9454032572549686e-4
2,Positive,1840,accessible property,5.61324726354196e-4,0.6931471805599453,3.890806514509937e-4
3,Positive,1840,original property,8.419870895312938e-4,0.6931471805599453,5.836209771764905e-4
3,Positive,1840,distinct property,8.419870895312938e-4,0.6931471805599453,5.836209771764905e-4
3,Positive,1840,distinct tenant,8.419870895312938e-4,0.6931471805599453,5.836209771764905e-4
7,Positive,1840,new lease,0.0019646365422396855,0.6931471805599453,0.001361782280078478
28,Positive,1840,fixed property,0.007858546168958742,0.6931471805599453,0.005447129120313912
1,Positive,1840,adequate property,2.80662363177098e-4,0.6931471805599453,1.9454032572549686e-4
2,Positive,1840,better land,5.61324726354196e-4,0.6931471805599453,3.890806514509937e-4
4,Positive,1840,high lands,0.001122649452708392,0.6931471805599453,7.781613029019874e-4
10,Positive,1840,capable land,0.0028066236317709796,0.6931471805599453,0.0019454032572549685
3,Positive,1840,freehold land,8.419870895312938e-4,0.6931471805599453,5.836209771764905e-4
4,Positive,1840,free land,0.001122649452708392,0.6931471805599453,7.781613029019874e-4
1,Positive,1840,humble tenements,2.80662363177098e-4,0.6931471805599453,1.9454032572549686e-4
2,Positive,1840,certain enclosure,5.61324726354196e-4,0.6931471805599453,3.890806514509937e-4
2,Positive,1840,old enclosures,5.61324726354196e-4,0.6931471805599453,3.890806514509937e-4
1,Positive,1840,complete property,2.80662363177098e-4,0.6931471805599453,1.9454032572549686e-4
1,Positive,1840,meridian splendors,2.80662363177098e-4,0.6931471805599453,1.9454032572549686e-4
1,Positive,1840,apparent rents,2.80662363177098e-4,0.6931471805599453,1.9454032572549686e-4
1,Positive,1840,many leaseholders,2.80662363177098e-4,0.6931471805599453,1.9454032572549686e-4
16,Positive,1840,best landlords,0.004490597810833568,0.6931471805599453,0.0031126452116079497
3,Positive,1840,whole tenantry,8.419870895312938e-4,0.6931471805599453,5.836209771764905e-4
2,Positive,1840,better rents,5.61324726354196e-4,0.6931471805599453,3.890806514509937e-4
4,Positive,1840,large landowners,0.001122649452708392,0.6931471805599453,7.781613029019874e-4
6,Positive,1840,excellent landlord,0.0016839741790625876,0.6931471805599453,0.001167241954352981
1,Positive,1840,ready landlords,2.80662363177098e-4,0.6931471805599453,1.9454032572549686e-4
1,Positive,1840,advantageous tenant,2.80662363177098e-4,0.6931471805599453,1.9454032572549686e-4
6,Positive,1840,superior landlord,0.0016839741790625876,0.6931471805599453,0.001167241954352981
1,Positive,1840,compelling landlords,2.80662363177098e-4,0.6931471805599453,1.9454032572549686e-4
3,Positive,1840,respectable tenant,8.419870895312938e-4,0,0
3,Positive,1840,increased rental,8.419870895312938e-4,0.6931471805599453,5.836209771764905e-4
6,Positive,1840,many lands,0.0016839741790625876,0.6931471805599453,0.001167241954352981
2,Positive,1840,fixed rents,5.61324726354196e-4,0.6931471805599453,3.890806514509937e-4
1,Positive,1840,wealthy landlord,2.80662363177098e-4,0.6931471805599453,1.9454032572549686e-4
2,Positive,1840,good rents,5.61324726354196e-4,0.6931471805599453,3.890806514509937e-4
32,Positive,1840,whole rental,0.008981195621667135,0.6931471805599453,0.0062252904232158995
6,Positive,1840,fixed rent,0.0016839741790625876,0,0
1,Positive,1840,great tenant,2.80662363177098e-4,0.6931471805599453,1.9454032572549686e-4
3,Positive,1840,many tenant,8.419870895312938e-4,0.6931471805599453,5.836209771764905e-4
5,Positive,1840,good tenants,0.0014033118158854898,0.6931471805599453,9.727016286274842e-4
3,Positive,1840,very land,8.419870895312938e-4,0.6931471805599453,5.836209771764905e-4
6,Positive,1840,more property,0.0016839741790625876,0.6931471805599453,0.001167241954352981
5,Positive,1840,available property,0.0014033118158854898,0.6931471805599453,9.727016286274842e-4
3,Positive,1840,wise landlords,8.419870895312938e-4,0.6931471805599453,5.836209771764905e-4
1,Positive,1840,legal absentee,2.80662363177098e-4,0.6931471805599453,1.9454032572549686e-4
1,Positive,1840,cheap land,2.80662363177098e-4,0.6931471805599453,1.9454032572549686e-4
7,Positive,1840,many tenants,0.0019646365422396855,0.6931471805599453,0.001361782280078478
3,Positive,1840,benevolent landlords,8.419870895312938e-4,0.6931471805599453,5.836209771764905e-4
1,Positive,1840,indispensable land,2.80662363177098e-4,0.6931471805599453,1.9454032572549686e-4
4,Positive,1840,fertile lands,0.001122649452708392,0,0
2,Positive,1840,kind landlord,5.61324726354196e-4,0.6931471805599453,3.890806514509937e-4
1,Positive,1840,happier tenantry,2.80662363177098e-4,0.6931471805599453,1.9454032572549686e-4
1,Positive,1840,special allotment,2.80662363177098e-4,0.6931471805599453,1.9454032572549686e-4
1,Positive,1840,worth lands,2.80662363177098e-4,0.6931471805599453,1.9454032572549686e-4
1,Positive,1840,special property,2.80662363177098e-4,0.6931471805599453,1.9454032572549686e-4
4,Positive,1840,fine land,0.001122649452708392,0.6931471805599453,7.781613029019874e-4
3,Positive,1840,particular lands,8.419870895312938e-4,0.6931471805599453,5.836209771764905e-4
5,Positive,1840,particular property,0.0014033118158854898,0.6931471805599453,9.727016286274842e-4
2,Positive,1840,good eminent,5.61324726354196e-4,0.6931471805599453,3.890806514509937e-4
1,Positive,1840,great tenantry,2.80662363177098e-4,0.6931471805599453,1.9454032572549686e-4
2,Positive,1840,great lands,5.61324726354196e-4,0.6931471805599453,3.890806514509937e-4
1,Positive,1840,great landes,2.80662363177098e-4,0.6931471805599453,1.9454032572549686e-4
3,Positive,1840,certain landowners,8.419870895312938e-4,0.6931471805599453,5.836209771764905e-4
4,Positive,1840,valued rental,0.001122649452708392,0.6931471805599453,7.781613029019874e-4
1,Positive,1840,desirous landlords,2.80662363177098e-4,0.6931471805599453,1.9454032572549686e-4
1,Positive,1840,young landsmen,2.80662363177098e-4,0.6931471805599453,1.9454032572549686e-4
2,Positive,1840,certain rental,5.61324726354196e-4,0.6931471805599453,3.890806514509937e-4
3,Positive,1840,most eminent,8.419870895312938e-4,0.6931471805599453,5.836209771764905e-4
1,Positive,1840,greater land,2.80662363177098e-4,0.6931471805599453,1.9454032572549686e-4
1,Positive,1840,certain landmarks,2.80662363177098e-4,0.6931471805599453,1.9454032572549686e-4
1,Positive,1840,great landmarks,2.80662363177098e-4,0.6931471805599453,1.9454032572549686e-4
4,Positive,1840,many landowners,0.001122649452708392,0.6931471805599453,7.781613029019874e-4
2,Positive,1840,free rent,5.61324726354196e-4,0.6931471805599453,3.890806514509937e-4
3,Positive,1840,dearest property,8.419870895312938e-4,0.6931471805599453,5.836209771764905e-4
6,Positive,1840,new tenant,0.0016839741790625876,0.6931471805599453,0.001167241954352981
1,Positive,1840,contented land,2.80662363177098e-4,0.6931471805599453,1.9454032572549686e-4
1,Positive,1840,wealthy landlords,2.80662363177098e-4,0.6931471805599453,1.9454032572549686e-4
7,Positive,1840,own rents,0.0019646365422396855,0,0
1,Positive,1840,full property,2.80662363177098e-4,0.6931471805599453,1.9454032572549686e-4
2,Positive,1840,excellent land,5.61324726354196e-4,0.6931471805599453,3.890806514509937e-4
8,Positive,1840,new lands,0.002245298905416784,0,0
1,Positive,1840,many allotments,2.80662363177098e-4,0.6931471805599453,1.9454032572549686e-4
1,Positive,1840,general allotment,2.80662363177098e-4,0.6931471805599453,1.9454032572549686e-4
1,Positive,1840,desired allotments,2.80662363177098e-4,0.6931471805599453,1.9454032572549686e-4
1,Positive,1840,reasonable rent,2.80662363177098e-4,0.6931471805599453,1.9454032572549686e-4
2,Positive,1840,substantial property,5.61324726354196e-4,0.6931471805599453,3.890806514509937e-4
3,Positive,1840,whole lands,8.419870895312938e-4,0.6931471805599453,5.836209771764905e-4
3,Positive,1840,own leases,8.419870895312938e-4,0.6931471805599453,5.836209771764905e-4
4,Positive,1840,fair rents,0.001122649452708392,0,0
1,Positive,1840,easy rent,2.80662363177098e-4,0.6931471805599453,1.9454032572549686e-4
5,Positive,1840,increased rents,0.0014033118158854898,0.6931471805599453,9.727016286274842e-4
1,Positive,1840,large tenant,2.80662363177098e-4,0.6931471805599453,1.9454032572549686e-4
1,Positive,1840,particular rent,2.80662363177098e-4,0.6931471805599453,1.9454032572549686e-4
3,Positive,1840,rich absentee,8.419870895312938e-4,0.6931471805599453,5.836209771764905e-4
1,Positive,1840,much villany,2.80662363177098e-4,0.6931471805599453,1.9454032572549686e-4
1,Positive,1840,powerful landowners,2.80662363177098e-4,0.6931471805599453,1.9454032572549686e-4
1,Positive,1840,granted lands,2.80662363177098e-4,0.6931471805599453,1.9454032572549686e-4
1,Positive,1840,natural landmarks,2.80662363177098e-4,0.6931471805599453,1.9454032572549686e-4
1,Positive,1840,most rents,2.80662363177098e-4,0.6931471805599453,1.9454032572549686e-4
1,Positive,1840,whole demesne,2.80662363177098e-4,0.6931471805599453,1.9454032572549686e-4
1,Positive,1840,direct land,2.80662363177098e-4,0.6931471805599453,1.9454032572549686e-4
1,Positive,1840,cleared land,2.80662363177098e-4,0.6931471805599453,1.9454032572549686e-4
1,Positive,1840,responsible landlord,2.80662363177098e-4,0.6931471805599453,1.9454032572549686e-4
3,Positive,1840,certain landlords,8.419870895312938e-4,0.6931471805599453,5.836209771764905e-4
3,Positive,1840,old lease,8.419870895312938e-4,0.6931471805599453,5.836209771764905e-4
1,Positive,1840,very occupancy,2.80662363177098e-4,0.6931471805599453,1.9454032572549686e-4
1,Positive,1840,giving lands,2.80662363177098e-4,0.6931471805599453,1.9454032572549686e-4
5,Positive,1840,great landlords,0.0014033118158854898,0.6931471805599453,9.727016286274842e-4
1,Positive,1840,worthy landlords,2.80662363177098e-4,0.6931471805599453,1.9454032572549686e-4
8,Positive,1840,outgoing tenants,0.002245298905416784,0.6931471805599453,0.0015563226058039749
2,Positive,1840,peculiar property,5.61324726354196e-4,0.6931471805599453,3.890806514509937e-4
7,Positive,1840,better landlord,0.0019646365422396855,0.6931471805599453,0.001361782280078478
1,Positive,1840,capable tenants,2.80662363177098e-4,0.6931471805599453,1.9454032572549686e-4
1,Positive,1840,great landlord,2.80662363177098e-4,0.6931471805599453,1.9454032572549686e-4
1,Positive,1840,temporal splendor,2.80662363177098e-4,0.6931471805599453,1.9454032572549686e-4
1,Positive,1840,wonderful land,2.80662363177098e-4,0.6931471805599453,1.9454032572549686e-4
1,Positive,1840,large landowner,2.80662363177098e-4,0.6931471805599453,1.9454032572549686e-4
4,Positive,1840,improved land,0.001122649452708392,0.6931471805599453,7.781613029019874e-4
6,Positive,1840,light land,0.0016839741790625876,0.6931471805599453,0.001167241954352981
4,Positive,1840,finest land,0.001122649452708392,0.6931471805599453,7.781613029019874e-4
2,Positive,1840,better rent,5.61324726354196e-4,0.6931471805599453,3.890806514509937e-4
1,Positive,1840,first termor,2.80662363177098e-4,0.6931471805599453,1.9454032572549686e-4
2,Positive,1840,richer land,5.61324726354196e-4,0.6931471805599453,3.890806514509937e-4
1,Positive,1840,appropriate land,2.80662363177098e-4,0.6931471805599453,1.9454032572549686e-4
5,Positive,1840,old land,0.0014033118158854898,0.6931471805599453,9.727016286274842e-4
1,Positive,1840,superior land,2.80662363177098e-4,0.6931471805599453,1.9454032572549686e-4
1,Positive,1840,large inclosures,2.80662363177098e-4,0.6931471805599453,1.9454032572549686e-4
3,Positive,1840,worth land,8.419870895312938e-4,0.6931471805599453,5.836209771764905e-4
3,Positive,1840,old tenant,8.419870895312938e-4,0.6931471805599453,5.836209771764905e-4
2,Positive,1840,best lands,5.61324726354196e-4,0.6931471805599453,3.890806514509937e-4
3,Positive,1840,richest land,8.419870895312938e-4,0.6931471805599453,5.836209771764905e-4
3,Positive,1840,light lands,8.419870895312938e-4,0.6931471805599453,5.836209771764905e-4
1,Positive,1840,fresh tenant,2.80662363177098e-4,0.6931471805599453,1.9454032572549686e-4
2,Positive,1840,good lands,5.61324726354196e-4,0.6931471805599453,3.890806514509937e-4
2,Positive,1840,respective lands,5.61324726354196e-4,0.6931471805599453,3.890806514509937e-4
1,Positive,1840,restored lands,2.80662363177098e-4,0.6931471805599453,1.9454032572549686e-4
1,Positive,1840,high land,2.80662363177098e-4,0.6931471805599453,1.9454032572549686e-4
2,Positive,1840,particular enclosure,5.61324726354196e-4,0.6931471805599453,3.890806514509937e-4
1,Positive,1840,large rental,2.80662363177098e-4,0.6931471805599453,1.9454032572549686e-4
1,Positive,1840,certain land,2.80662363177098e-4,0.6931471805599453,1.9454032572549686e-4
1,Positive,1840,certain rents,2.80662363177098e-4,0.6931471805599453,1.9454032572549686e-4
1,Positive,1840,clear land,2.80662363177098e-4,0.6931471805599453,1.9454032572549686e-4
4,Positive,1840,original allottees,0.001122649452708392,0.6931471805599453,7.781613029019874e-4
1,Positive,1840,first allotments,2.80662363177098e-4,0.6931471805599453,1.9454032572549686e-4
2,Positive,1840,absolute property,5.61324726354196e-4,0.6931471805599453,3.890806514509937e-4
1,Positive,1840,large leaseholder,2.80662363177098e-4,0.6931471805599453,1.9454032572549686e-4
1,Positive,1840,whole tenants,2.80662363177098e-4,0.6931471805599453,1.9454032572549686e-4
2,Positive,1840,more landlords,5.61324726354196e-4,0.6931471805599453,3.890806514509937e-4
1,Positive,1840,intelligent landowners,2.80662363177098e-4,0.6931471805599453,1.9454032572549686e-4
3,Positive,1840,large rent,8.419870895312938e-4,0.6931471805599453,5.836209771764905e-4
3,Positive,1840,freehold lands,8.419870895312938e-4,0.6931471805599453,5.836209771764905e-4
1,Positive,1840,profitable lands,2.80662363177098e-4,0.6931471805599453,1.9454032572549686e-4
4,Positive,1840,original tenants,0.001122649452708392,0.6931471805599453,7.781613029019874e-4
1,Positive,1840,original allotments,2.80662363177098e-4,0.6931471805599453,1.9454032572549686e-4
3,Positive,1840,capable lands,8.419870895312938e-4,0.6931471805599453,5.836209771764905e-4
1,Positive,1840,responsible tenants,2.80662363177098e-4,0.6931471805599453,1.9454032572549686e-4
1,Positive,1840,first leaseholder,2.80662363177098e-4,0.6931471805599453,1.9454032572549686e-4
1,Positive,1840,increased rentals,2.80662363177098e-4,0.6931471805599453,1.9454032572549686e-4
2,Positive,1840,original allottee,5.61324726354196e-4,0.6931471805599453,3.890806514509937e-4
1,Positive,1840,certain tenantry,2.80662363177098e-4,0.6931471805599453,1.9454032572549686e-4
1,Positive,1840,doubtless landlords,2.80662363177098e-4,0.6931471805599453,1.9454032572549686e-4
3,Positive,1840,old tenants,8.419870895312938e-4,0.6931471805599453,5.836209771764905e-4
1,Positive,1840,peaceable tenantry,2.80662363177098e-4,0.6931471805599453,1.9454032572549686e-4
1,Positive,1840,succeeding tenant,2.80662363177098e-4,0.6931471805599453,1.9454032572549686e-4
9,Positive,1840,improving tenant,0.0025259612685938817,0.6931471805599453,0.0017508629315294718
1,Positive,1840,smart rent,2.80662363177098e-4,0.6931471805599453,1.9454032572549686e-4
5,Positive,1840,own demesne,0.0014033118158854898,0.6931471805599453,9.727016286274842e-4
1,Positive,1840,rigorous landlord,2.80662363177098e-4,0.6931471805599453,1.9454032572549686e-4
4,Positive,1840,improving landlord,0.001122649452708392,0.6931471805599453,7.781613029019874e-4
2,Positive,1840,old leases,5.61324726354196e-4,0.6931471805599453,3.890806514509937e-4
3,Positive,1840,best tenants,8.419870895312938e-4,0.6931471805599453,5.836209771764905e-4
1,Positive,1840,profitable land,2.80662363177098e-4,0.6931471805599453,1.9454032572549686e-4
1,Positive,1840,good tenements,2.80662363177098e-4,0.6931471805599453,1.9454032572549686e-4
1,Positive,1840,new enclosures,2.80662363177098e-4,0.6931471805599453,1.9454032572549686e-4
1,Positive,1840,new tenancy,2.80662363177098e-4,0.6931471805599453,1.9454032572549686e-4
1,Positive,1840,certain evictions,2.80662363177098e-4,0.6931471805599453,1.9454032572549686e-4
1,Positive,1840,excited tenants,2.80662363177098e-4,0.6931471805599453,1.9454032572549686e-4
2,Positive,1840,old rent,5.61324726354196e-4,0.6931471805599453,3.890806514509937e-4
2,Positive,1840,intelligent tenantry,5.61324726354196e-4,0.6931471805599453,3.890806514509937e-4
1,Positive,1840,superior tenantry,2.80662363177098e-4,0.6931471805599453,1.9454032572549686e-4
2,Positive,1840,humane landlords,5.61324726354196e-4,0.6931471805599453,3.890806514509937e-4
1,Positive,1840,valuing land,2.80662363177098e-4,0.6931471805599453,1.9454032572549686e-4
1,Positive,1840,willing tenants,2.80662363177098e-4,0.6931471805599453,1.9454032572549686e-4
2,Positive,1840,particular tenant,5.61324726354196e-4,0.6931471805599453,3.890806514509937e-4
2,Positive,1840,right tenant,5.61324726354196e-4,0.6931471805599453,3.890806514509937e-4
2,Positive,1840,old lands,5.61324726354196e-4,0.6931471805599453,3.890806514509937e-4
1,Positive,1840,fine tenantry,2.80662363177098e-4,0.6931471805599453,1.9454032572549686e-4
1,Positive,1840,own rent,2.80662363177098e-4,0.6931471805599453,1.9454032572549686e-4
1,Positive,1840,more tenant,2.80662363177098e-4,0.6931471805599453,1.9454032572549686e-4
2,Positive,1840,improving landowner,5.61324726354196e-4,0.6931471805599453,3.890806514509937e-4
1,Positive,1840,true landlords,2.80662363177098e-4,0.6931471805599453,1.9454032572549686e-4
2,Positive,1840,real landlords,5.61324726354196e-4,0.6931471805599453,3.890806514509937e-4
1,Positive,1840,beneficent landlord,2.80662363177098e-4,0.6931471805599453,1.9454032572549686e-4
1,Positive,1840,increased tenantry,2.80662363177098e-4,0.6931471805599453,1.9454032572549686e-4
1,Positive,1840,honest landlord,2.80662363177098e-4,0.6931471805599453,1.9454032572549686e-4
1,Positive,1840,respected landlord,2.80662363177098e-4,0.6931471805599453,1.9454032572549686e-4
1,Positive,1840,solid land,2.80662363177098e-4,0.6931471805599453,1.9454032572549686e-4
1,Positive,1840,rich landlord,2.80662363177098e-4,0.6931471805599453,1.9454032572549686e-4
1,Positive,1840,protected land,2.80662363177098e-4,0.6931471805599453,1.9454032572549686e-4
1,Positive,1840,purely lands,2.80662363177098e-4,0.6931471805599453,1.9454032572549686e-4
1,Positive,1840,fine property,2.80662363177098e-4,0.6931471805599453,1.9454032572549686e-4
1,Positive,1840,prosperous property,2.80662363177098e-4,0.6931471805599453,1.9454032572549686e-4
1,Positive,1840,civilized land,2.80662363177098e-4,0.6931471805599453,1.9454032572549686e-4
1,Positive,1840,steady rents,2.80662363177098e-4,0.6931471805599453,1.9454032572549686e-4
1,Positive,1840,capable eminent,2.80662363177098e-4,0.6931471805599453,1.9454032572549686e-4
1,Positive,1840,most lands,2.80662363177098e-4,0.6931471805599453,1.9454032572549686e-4
1,Positive,1840,celebrated subalterns,2.80662363177098e-4,0.6931471805599453,1.9454032572549686e-4
2,Positive,1840,promised land,5.61324726354196e-4,0.6931471805599453,3.890806514509937e-4
1,Positive,1840,best landlord,2.80662363177098e-4,0.6931471805599453,1.9454032572549686e-4
1,Positive,1840,kind landlords,2.80662363177098e-4,0.6931471805599453,1.9454032572549686e-4
1,Positive,1840,mighty land,2.80662363177098e-4,0.6931471805599453,1.9454032572549686e-4
1,Positive,1840,very landlords,2.80662363177098e-4,0.6931471805599453,1.9454032572549686e-4
1,Positive,1840,cheerful tenantry,2.80662363177098e-4,0.6931471805599453,1.9454032572549686e-4
2,Positive,1840,particular landlords,5.61324726354196e-4,0.6931471805599453,3.890806514509937e-4
1,Positive,1840,greater property,2.80662363177098e-4,0,0
4,Positive,1840,original lease,0.001122649452708392,0.6931471805599453,7.781613029019874e-4
1,Positive,1840,honest landlords,2.80662363177098e-4,0.6931471805599453,1.9454032572549686e-4
1,Positive,1840,willing landlords,2.80662363177098e-4,0.6931471805599453,1.9454032572549686e-4
1,Positive,1840,powerful landlord,2.80662363177098e-4,0.6931471805599453,1.9454032572549686e-4
1,Positive,1840,free property,2.80662363177098e-4,0.6931471805599453,1.9454032572549686e-4
1,Positive,1840,beautiful land,2.80662363177098e-4,0.6931471805599453,1.9454032572549686e-4
1,Positive,1840,great rents,2.80662363177098e-4,0,0
1,Positive,1840,whole enclosure,2.80662363177098e-4,0.6931471805599453,1.9454032572549686e-4
1,Positive,1840,full rental,2.80662363177098e-4,0.6931471805599453,1.9454032572549686e-4
2,Positive,1840,certain leaseholders,5.61324726354196e-4,0,0
1,Positive,1840,rich landlords,2.80662363177098e-4,0.6931471805599453,1.9454032572549686e-4
2,Positive,1840,comfortable tenantry,5.61324726354196e-4,0.6931471805599453,3.890806514509937e-4
1,Positive,1840,comfortable tenants,2.80662363177098e-4,0.6931471805599453,1.9454032572549686e-4
1,Positive,1840,old property,2.80662363177098e-4,0.6931471805599453,1.9454032572549686e-4
2,Positive,1840,improving landlords,5.61324726354196e-4,0.6931471805599453,3.890806514509937e-4
1,Positive,1840,new inclosures,2.80662363177098e-4,0.6931471805599453,1.9454032572549686e-4
2,Positive,1840,freehold allotments,5.61324726354196e-4,0.6931471805599453,3.890806514509937e-4
1,Positive,1840,superior landlords,2.80662363177098e-4,0.6931471805599453,1.9454032572549686e-4
1,Positive,1840,proud landlords,2.80662363177098e-4,0.6931471805599453,1.9454032572549686e-4
1,Positive,1840,rich absentees,2.80662363177098e-4,0.6931471805599453,1.9454032572549686e-4
3,Positive,1840,original rent,8.419870895312938e-4,0.6931471805599453,5.836209771764905e-4
1,Positive,1840,reasonable rents,2.80662363177098e-4,0.6931471805599453,1.9454032572549686e-4
1,Positive,1840,improving tenants,2.80662363177098e-4,0.6931471805599453,1.9454032572549686e-4
3,Positive,1840,many eminent,8.419870895312938e-4,0.6931471805599453,5.836209771764905e-4
1,Positive,1840,suitable lands,2.80662363177098e-4,0.6931471805599453,1.9454032572549686e-4
1,Positive,1840,benevolent landlord,2.80662363177098e-4,0.6931471805599453,1.9454032572549686e-4
1,Positive,1840,great demesne,2.80662363177098e-4,0.6931471805599453,1.9454032572549686e-4
1,Positive,1840,rich landowner,2.80662363177098e-4,0.6931471805599453,1.9454032572549686e-4
1,Positive,1840,certain landlord,2.80662363177098e-4,0.6931471805599453,1.9454032572549686e-4
1,Positive,1840,old landmarks,2.80662363177098e-4,0.6931471805599453,1.9454032572549686e-4
1,Positive,1840,own demesnes,2.80662363177098e-4,0.6931471805599453,1.9454032572549686e-4
1,Positive,1840,lovely land,2.80662363177098e-4,0.6931471805599453,1.9454032572549686e-4
1,Positive,1840,like property,2.80662363177098e-4,0.6931471805599453,1.9454032572549686e-4
1,Positive,1840,excellent rent,2.80662363177098e-4,0.6931471805599453,1.9454032572549686e-4
1,Positive,1840,deserving landowners,2.80662363177098e-4,0.6931471805599453,1.9454032572549686e-4
1,Positive,1840,own landowners,2.80662363177098e-4,0.6931471805599453,1.9454032572549686e-4
1,Positive,1840,great absentees,2.80662363177098e-4,0.6931471805599453,1.9454032572549686e-4
1,Positive,1840,wealthy tenants,2.80662363177098e-4,0.6931471805599453,1.9454032572549686e-4
1,Positive,1840,own landlords,2.80662363177098e-4,0.6931471805599453,1.9454032572549686e-4
1,Positive,1840,much squatting,2.80662363177098e-4,0.6931471805599453,1.9454032572549686e-4
1,Positive,1840,large tenements,2.80662363177098e-4,0.6931471805599453,1.9454032572549686e-4
1,Positive,1840,enjoying tenant,2.80662363177098e-4,0.6931471805599453,1.9454032572549686e-4
1,Positive,1840,beneficial occupancy,2.80662363177098e-4,0.6931471805599453,1.9454032572549686e-4
1,Positive,1840,large rentals,2.80662363177098e-4,0.6931471805599453,1.9454032572549686e-4
1,Positive,1840,giving landlord,2.80662363177098e-4,0.6931471805599453,1.9454032572549686e-4
1,Positive,1840,new landowner,2.80662363177098e-4,0.6931471805599453,1.9454032572549686e-4
1,Positive,1840,ideal seisin,2.80662363177098e-4,0.6931471805599453,1.9454032572549686e-4
1,Positive,1840,fine leaseholders,2.80662363177098e-4,0.6931471805599453,1.9454032572549686e-4
1,Positive,1840,new tenantry,2.80662363177098e-4,0.6931471805599453,1.9454032572549686e-4
1,Positive,1840,general inclosure,2.80662363177098e-4,0.6931471805599453,1.9454032572549686e-4
1,Positive,1840,respective leases,2.80662363177098e-4,0.6931471805599453,1.9454032572549686e-4
1,Positive,1840,original lessee,2.80662363177098e-4,0.6931471805599453,1.9454032572549686e-4
5,Positive,1840,original landlord,0.0014033118158854898,0.6931471805599453,9.727016286274842e-4
1,Positive,1840,splendid property,2.80662363177098e-4,0.6931471805599453,1.9454032572549686e-4
1,Positive,1840,active landlords,2.80662363177098e-4,0.6931471805599453,1.9454032572549686e-4
1,Positive,1840,many lessees,2.80662363177098e-4,0.6931471805599453,1.9454032572549686e-4
3,Positive,1840,first tenant,8.419870895312938e-4,0.6931471805599453,5.836209771764905e-4
1,Positive,1840,most landlords,2.80662363177098e-4,0.6931471805599453,1.9454032572549686e-4
1,Positive,1840,major crofton,2.80662363177098e-4,0.6931471805599453,1.9454032572549686e-4
3,Positive,1840,beneficial leases,8.419870895312938e-4,0.6931471805599453,5.836209771764905e-4
1,Positive,1840,wealthy absentees,2.80662363177098e-4,0.6931471805599453,1.9454032572549686e-4
2,Positive,1840,clear rental,5.61324726354196e-4,0.6931471805599453,3.890806514509937e-4
1,Positive,1840,best tenantry,2.80662363177098e-4,0.6931471805599453,1.9454032572549686e-4
1,Positive,1840,reasonable tenants,2.80662363177098e-4,0.6931471805599453,1.9454032572549686e-4
1,Positive,1840,substantial lease,2.80662363177098e-4,0.6931471805599453,1.9454032572549686e-4
1,Positive,1840,mighty landmarks,2.80662363177098e-4,0.6931471805599453,1.9454032572549686e-4
1,Positive,1840,sound leases,2.80662363177098e-4,0.6931471805599453,1.9454032572549686e-4
1,Positive,1840,own vassals,2.80662363177098e-4,0.6931471805599453,1.9454032572549686e-4
1,Positive,1840,more lands,2.80662363177098e-4,0.6931471805599453,1.9454032572549686e-4
1,Positive,1840,respective rentals,2.80662363177098e-4,0.6931471805599453,1.9454032572549686e-4
1,Positive,1840,natural landlord,2.80662363177098e-4,0.6931471805599453,1.9454032572549686e-4
2,Positive,1840,old landlords,5.61324726354196e-4,0.6931471805599453,3.890806514509937e-4
1,Positive,1840,improving lease,2.80662363177098e-4,0.6931471805599453,1.9454032572549686e-4
1,Positive,1840,original tenant,2.80662363177098e-4,0.6931471805599453,1.9454032572549686e-4
1,Positive,1840,more evictions,2.80662363177098e-4,0.6931471805599453,1.9454032572549686e-4
1,Positive,1840,many evictions,2.80662363177098e-4,0.6931471805599453,1.9454032572549686e-4
1,Positive,1840,substantial tenant,2.80662363177098e-4,0.6931471805599453,1.9454032572549686e-4
1,Positive,1840,stronger landlords,2.80662363177098e-4,0.6931471805599453,1.9454032572549686e-4
1,Positive,1840,free rental,2.80662363177098e-4,0.6931471805599453,1.9454032572549686e-4
1,Positive,1840,direct tenants,2.80662363177098e-4,0.6931471805599453,1.9454032572549686e-4
2,Positive,1840,best rent,5.61324726354196e-4,0.6931471805599453,3.890806514509937e-4
2,Positive,1840,honest tenantry,5.61324726354196e-4,0.6931471805599453,3.890806514509937e-4
1,Positive,1840,great tenants,2.80662363177098e-4,0.6931471805599453,1.9454032572549686e-4
1,Positive,1840,much absenteeism,2.80662363177098e-4,0.6931471805599453,1.9454032572549686e-4
1,Positive,1840,particular land,2.80662363177098e-4,0.6931471805599453,1.9454032572549686e-4
2,Positive,1840,fresh property,5.61324726354196e-4,0.6931471805599453,3.890806514509937e-4
1,Positive,1840,large tenants,2.80662363177098e-4,0.6931471805599453,1.9454032572549686e-4
1,Positive,1840,beneficial property,2.80662363177098e-4,0.6931471805599453,1.9454032572549686e-4
1,Positive,1840,direct landlord,2.80662363177098e-4,0.6931471805599453,1.9454032572549686e-4
1,Positive,1840,large land,2.80662363177098e-4,0.6931471805599453,1.9454032572549686e-4
1,Positive,1840,unpaid rentals,2.80662363177098e-4,0.6931471805599453,1.9454032572549686e-4
1,Positive,1840,honest tenant,2.80662363177098e-4,0.6931471805599453,1.9454032572549686e-4
1,Positive,1840,glad landlords,2.80662363177098e-4,0.6931471805599453,1.9454032572549686e-4
1,Negative,1840,heavy landlord,2.80662363177098e-4,0.6931471805599453,1.9454032572549686e-4
2,Negative,1840,other landholders,5.61324726354196e-4,0.6931471805599453,3.890806514509937e-4
21,Negative,1840,poor lands,0.005893909626719057,0.6931471805599453,0.004085346840235434
21,Negative,1840,poor land,0.005893909626719057,0,0
16,Negative,1840,distant lands,0.004490597810833568,0.6931471805599453,0.0031126452116079497
1,Negative,1840,failing rents,2.80662363177098e-4,0.6931471805599453,1.9454032572549686e-4
15,Negative,1840,other land,0.004209935447656469,0.6931471805599453,0.0029181048858824524
27,Negative,1840,long leases,0.007577883805781645,0.6931471805599453,0.005252588794588415
23,Negative,1840,foreign land,0.006455234353073253,0.6931471805599453,0.004474427491686427
1,Negative,1840,single property,2.80662363177098e-4,0.6931471805599453,1.9454032572549686e-4
2,Negative,1840,previous occupancy,5.61324726354196e-4,0.6931471805599453,3.890806514509937e-4
119,Negative,1840,other property,0.03339882121807466,0,0
33,Negative,1840,small tenements,0.009261857984844232,0.6931471805599453,0.006419830748941396
4,Negative,1840,common property,0.001122649452708392,0.6931471805599453,7.781613029019874e-4
1,Negative,1840,desperate tenants,2.80662363177098e-4,0.6931471805599453,1.9454032572549686e-4
4,Negative,1840,disputed property,0.001122649452708392,0.6931471805599453,7.781613029019874e-4
6,Negative,1840,poorer lands,0.0016839741790625876,0.6931471805599453,0.001167241954352981
3,Negative,1840,worst lands,8.419870895312938e-4,0.6931471805599453,5.836209771764905e-4
16,Negative,1840,distant land,0.004490597810833568,0.6931471805599453,0.0031126452116079497
22,Negative,1840,little property,0.006174571989896155,0.6931471805599453,0.00427988716596093
22,Negative,1840,foreign lands,0.006174571989896155,0.6931471805599453,0.00427988716596093
35,Negative,1840,small tenants,0.009823182711198428,0.6931471805599453,0.006808911400392389
2,Negative,1840,strange land,5.61324726354196e-4,0.6931471805599453,3.890806514509937e-4
5,Negative,1840,mere occupancy,0.0014033118158854898,0.6931471805599453,9.727016286274842e-4
6,Negative,1840,mere tenant,0.0016839741790625876,0.6931471805599453,0.001167241954352981
5,Negative,1840,other tenant,0.0014033118158854898,0.6931471805599453,9.727016286274842e-4
1,Negative,1840,persecuted tenants,2.80662363177098e-4,0.6931471805599453,1.9454032572549686e-4
1,Negative,1840,oppressive landlord,2.80662363177098e-4,0.6931471805599453,1.9454032572549686e-4
17,Negative,1840,small allotments,0.0047712601740106655,0.6931471805599453,0.0033071855373334466
2,Negative,1840,low rents,5.61324726354196e-4,0.6931471805599453,3.890806514509937e-4
1,Negative,1840,mere lease,2.80662363177098e-4,0.6931471805599453,1.9454032572549686e-4
1,Negative,1840,liable leaseholders,2.80662363177098e-4,0.6931471805599453,1.9454032572549686e-4
1,Negative,1840,small rentals,2.80662363177098e-4,0.6931471805599453,1.9454032572549686e-4
1,Negative,1840,few leases,2.80662363177098e-4,0.6931471805599453,1.9454032572549686e-4
5,Negative,1840,low rent,0.0014033118158854898,0.6931471805599453,9.727016286274842e-4
1,Negative,1840,needy landlord,2.80662363177098e-4,0.6931471805599453,1.9454032572549686e-4
39,Negative,1840,other lands,0.01094583216390682,0.6931471805599453,0.007587072703294377
1,Negative,1840,mere vassal,2.80662363177098e-4,0.6931471805599453,1.9454032572549686e-4
1,Negative,1840,needy landlords,2.80662363177098e-4,0.6931471805599453,1.9454032572549686e-4
28,Negative,1840,poor tenants,0.007858546168958742,0,0
1,Negative,1840,other lessee,2.80662363177098e-4,0.6931471805599453,1.9454032572549686e-4
1,Negative,1840,rebellious vassal,2.80662363177098e-4,0.6931471805599453,1.9454032572549686e-4
1,Negative,1840,severe rent,2.80662363177098e-4,0.6931471805599453,1.9454032572549686e-4
1,Negative,1840,possible feuds,2.80662363177098e-4,0.6931471805599453,1.9454032572549686e-4
1,Negative,1840,previous lease,2.80662363177098e-4,0.6931471805599453,1.9454032572549686e-4
6,Negative,1840,liable property,0.0016839741790625876,0.6931471805599453,0.001167241954352981
1,Negative,1840,miserable renter,2.80662363177098e-4,0.6931471805599453,1.9454032572549686e-4
2,Negative,1840,unable tenant,5.61324726354196e-4,0.6931471805599453,3.890806514509937e-4
6,Negative,1840,small rent,0.0016839741790625876,0.6931471805599453,0.001167241954352981
25,Negative,1840,small property,0.0070165590794274485,0,0
3,Negative,1840,other landowners,8.419870895312938e-4,0.6931471805599453,5.836209771764905e-4
12,Negative,1840,due rent,0.0033679483581251753,0.6931471805599453,0.002334483908705962
8,Negative,1840,less rent,0.002245298905416784,0.6931471805599453,0.0015563226058039749
4,Negative,1840,harsh landlord,0.001122649452708392,0.6931471805599453,7.781613029019874e-4
6,Negative,1840,mere property,0.0016839741790625876,0.6931471805599453,0.001167241954352981
1,Negative,1840,ruined landlords,2.80662363177098e-4,0.6931471805599453,1.9454032572549686e-4
1,Negative,1840,sanguinary feuds,2.80662363177098e-4,0.6931471805599453,1.9454032572549686e-4
1,Negative,1840,arrested landau,2.80662363177098e-4,0.6931471805599453,1.9454032572549686e-4
1,Negative,1840,angry feuds,2.80662363177098e-4,0.6931471805599453,1.9454032572549686e-4
13,Negative,1840,bad land,0.003648610721302273,0.6931471805599453,0.002529024234431459
10,Negative,1840,inferior land,0.0028066236317709796,0.6931471805599453,0.0019454032572549685
1,Negative,1840,excessive rents,2.80662363177098e-4,0.6931471805599453,1.9454032572549686e-4
4,Negative,1840,other landlord,0.001122649452708392,0.6931471805599453,7.781613029019874e-4
1,Negative,1840,incapable land,2.80662363177098e-4,0.6931471805599453,1.9454032572549686e-4
1,Negative,1840,small tenement,2.80662363177098e-4,0.6931471805599453,1.9454032572549686e-4
1,Negative,1840,small leaseholders,2.80662363177098e-4,0.6931471805599453,1.9454032572549686e-4
12,Negative,1840,bad landlord,0.0033679483581251753,0.6931471805599453,0.002334483908705962
12,Negative,1840,poor tenant,0.0033679483581251753,0.6931471805599453,0.002334483908705962
2,Negative,1840,other rent,5.61324726354196e-4,0.6931471805599453,3.890806514509937e-4
2,Negative,1840,mere tenants,5.61324726354196e-4,0.6931471805599453,3.890806514509937e-4
1,Negative,1840,casual tenants,2.80662363177098e-4,0.6931471805599453,1.9454032572549686e-4
3,Negative,1840,mere land,8.419870895312938e-4,0.6931471805599453,5.836209771764905e-4
1,Negative,1840,less rents,2.80662363177098e-4,0.6931471805599453,1.9454032572549686e-4
1,Negative,1840,empty property;â€”in,2.80662363177098e-4,0.6931471805599453,1.9454032572549686e-4
5,Negative,1840,average rental,0.0014033118158854898,0.6931471805599453,9.727016286274842e-4
3,Negative,1840,poorer tenantry,8.419870895312938e-4,0.6931471805599453,5.836209771764905e-4
17,Negative,1840,other landlords,0.0047712601740106655,0.6931471805599453,0.0033071855373334466
8,Negative,1840,inferior lands,0.002245298905416784,0.6931471805599453,0.0015563226058039749
3,Negative,1840,bad lands,8.419870895312938e-4,0.6931471805599453,5.836209771764905e-4
1,Negative,1840,brutal landlords,2.80662363177098e-4,0.6931471805599453,1.9454032572549686e-4
2,Negative,1840,poorest lands,5.61324726354196e-4,0.6931471805599453,3.890806514509937e-4
8,Negative,1840,little land,0.002245298905416784,0.6931471805599453,0.0015563226058039749
2,Negative,1840,usual rent,5.61324726354196e-4,0.6931471805599453,3.890806514509937e-4
2,Negative,1840,lower rents,5.61324726354196e-4,0.6931471805599453,3.890806514509937e-4
1,Negative,1840,unprotected land,2.80662363177098e-4,0.6931471805599453,1.9454032572549686e-4
1,Negative,1840,disappointed spleen,2.80662363177098e-4,0.6931471805599453,1.9454032572549686e-4
3,Negative,1840,single tenant,8.419870895312938e-4,0.6931471805599453,5.836209771764905e-4
6,Negative,1840,worst land,0.0016839741790625876,0.6931471805599453,0.001167241954352981
9,Negative,1840,long lease,0.0025259612685938817,0,0
9,Negative,1840,irish absentees,0.0025259612685938817,0.6931471805599453,0.0017508629315294718
1,Negative,1840,real absentee,2.80662363177098e-4,0.6931471805599453,1.9454032572549686e-4
2,Negative,1840,heavy lands,5.61324726354196e-4,0.6931471805599453,3.890806514509937e-4
1,Negative,1840,indifferent lands,2.80662363177098e-4,0.6931471805599453,1.9454032572549686e-4
1,Negative,1840,drained land,2.80662363177098e-4,0.6931471805599453,1.9454032572549686e-4
7,Negative,1840,subject property,0.0019646365422396855,0.6931471805599453,0.001361782280078478
3,Negative,1840,many absentees,8.419870895312938e-4,0,0
1,Negative,1840,few tenements,2.80662363177098e-4,0,0
8,Negative,1840,common land,0.002245298905416784,0.6931471805599453,0.0015563226058039749
2,Negative,1840,unsettled property,5.61324726354196e-4,0.6931471805599453,3.890806514509937e-4
1,Negative,1840,petty landlords,2.80662363177098e-4,0.6931471805599453,1.9454032572549686e-4
16,Negative,1840,common lands,0.004490597810833568,0.6931471805599453,0.0031126452116079497
2,Negative,1840,unfortunate tenantry,5.61324726354196e-4,0.6931471805599453,3.890806514509937e-4
2,Negative,1840,few tenants,5.61324726354196e-4,0.6931471805599453,3.890806514509937e-4
2,Negative,1840,miserable tenants,5.61324726354196e-4,0.6931471805599453,3.890806514509937e-4
1,Negative,1840,wet land,2.80662363177098e-4,0.6931471805599453,1.9454032572549686e-4
1,Negative,1840,needy tenants,2.80662363177098e-4,0.6931471805599453,1.9454032572549686e-4
13,Negative,1840,average rent,0.003648610721302273,0.6931471805599453,0.002529024234431459
1,Negative,1840,litigious landlord,2.80662363177098e-4,0.6931471805599453,1.9454032572549686e-4
1,Negative,1840,adverse landlord,2.80662363177098e-4,0.6931471805599453,1.9454032572549686e-4
11,Negative,1840,other tenants,0.0030872859949480774,0,0
1,Negative,1840,cold landlords,2.80662363177098e-4,0.6931471805599453,1.9454032572549686e-4
1,Negative,1840,artificial rents,2.80662363177098e-4,0.6931471805599453,1.9454032572549686e-4
2,Negative,1840,bankrupt landlords,5.61324726354196e-4,0.6931471805599453,3.890806514509937e-4
1,Negative,1840,oppressive rents,2.80662363177098e-4,0.6931471805599453,1.9454032572549686e-4
5,Negative,1840,small allotment,0.0014033118158854898,0.6931471805599453,9.727016286274842e-4
2,Negative,1840,heavy land,5.61324726354196e-4,0.6931471805599453,3.890806514509937e-4
9,Negative,1840,unhappy land,0.0025259612685938817,0,0
9,Negative,1840,few landlords,0.0025259612685938817,0.6931471805599453,0.0017508629315294718
1,Negative,1840,civil feuds,2.80662363177098e-4,0.6931471805599453,1.9454032572549686e-4
5,Negative,1840,poorer tenants,0.0014033118158854898,0.6931471805599453,9.727016286274842e-4
9,Negative,1840,stolen property,0.0025259612685938817,0.6931471805599453,0.0017508629315294718
1,Negative,1840,previous tenant,2.80662363177098e-4,0.6931471805599453,1.9454032572549686e-4
1,Negative,1840,troublesome tenants,2.80662363177098e-4,0.6931471805599453,1.9454032572549686e-4
2,Negative,1840,disgraceful absentees,5.61324726354196e-4,0.6931471805599453,3.890806514509937e-4
1,Negative,1840,ordinary lessees,2.80662363177098e-4,0.6931471805599453,1.9454032572549686e-4
1,Negative,1840,obnoxious rents,2.80662363177098e-4,0.6931471805599453,1.9454032572549686e-4
1,Negative,1840,bad property,2.80662363177098e-4,0.6931471805599453,1.9454032572549686e-4
1,Negative,1840,alleged property,2.80662363177098e-4,0.6931471805599453,1.9454032572549686e-4
12,Negative,1840,gross rental,0.0033679483581251753,0.6931471805599453,0.002334483908705962
1,Negative,1840,mere subalterns,2.80662363177098e-4,0.6931471805599453,1.9454032572549686e-4
1,Negative,1840,landed absentee,2.80662363177098e-4,0.6931471805599453,1.9454032572549686e-4
3,Negative,1840,dispossessed tenants,8.419870895312938e-4,0.6931471805599453,5.836209771764905e-4
8,Negative,1840,poor tenantry,0.002245298905416784,0.6931471805599453,0.0015563226058039749
1,Negative,1840,worse land,2.80662363177098e-4,0.6931471805599453,1.9454032572549686e-4
1,Negative,1840,permanent absentees,2.80662363177098e-4,0.6931471805599453,1.9454032572549686e-4
1,Negative,1840,casual tenant,2.80662363177098e-4,0.6931471805599453,1.9454032572549686e-4
2,Negative,1840,excessive rent,5.61324726354196e-4,0.6931471805599453,3.890806514509937e-4
1,Negative,1840,other tenements,2.80662363177098e-4,0,0
1,Negative,1840,liable tenants,2.80662363177098e-4,0.6931471805599453,1.9454032572549686e-4
1,Negative,1840,gross property,2.80662363177098e-4,0.6931471805599453,1.9454032572549686e-4
1,Negative,1840,single tenement,2.80662363177098e-4,0.6931471805599453,1.9454032572549686e-4
1,Negative,1840,ordinary property,2.80662363177098e-4,0.6931471805599453,1.9454032572549686e-4
1,Negative,1840,late tenant,2.80662363177098e-4,0.6931471805599453,1.9454032572549686e-4
2,Negative,1840,heavy rent,5.61324726354196e-4,0.6931471805599453,3.890806514509937e-4
1,Negative,1840,exempt lands,2.80662363177098e-4,0.6931471805599453,1.9454032572549686e-4
1,Negative,1840,feudal tenants,2.80662363177098e-4,0.6931471805599453,1.9454032572549686e-4
1,Negative,1840,previous tenants,2.80662363177098e-4,0.6931471805599453,1.9454032572549686e-4
2,Negative,1840,average rents,5.61324726354196e-4,0.6931471805599453,3.890806514509937e-4
1,Negative,1840,tyrannical landlords,2.80662363177098e-4,0.6931471805599453,1.9454032572549686e-4
3,Negative,1840,religious feuds,8.419870895312938e-4,0.6931471805599453,5.836209771764905e-4
1,Negative,1840,small lands,2.80662363177098e-4,0.6931471805599453,1.9454032572549686e-4
1,Negative,1840,political feuds,2.80662363177098e-4,0.6931471805599453,1.9454032572549686e-4
1,Negative,1840,foreign landlords,2.80662363177098e-4,0.6931471805599453,1.9454032572549686e-4
11,Negative,1840,small landowners,0.0030872859949480774,0.6931471805599453,0.002139943582980465
2,Negative,1840,dishonest tenants,5.61324726354196e-4,0.6931471805599453,3.890806514509937e-4
1,Negative,1840,ordinary land,2.80662363177098e-4,0.6931471805599453,1.9454032572549686e-4
1,Negative,1840,thin land,2.80662363177098e-4,0.6931471805599453,1.9454032572549686e-4
3,Negative,1840,heavy rents,8.419870895312938e-4,0.6931471805599453,5.836209771764905e-4
1,Negative,1840,poor absentees,2.80662363177098e-4,0.6931471805599453,1.9454032572549686e-4
1,Negative,1840,unsettled land,2.80662363177098e-4,0.6931471805599453,1.9454032572549686e-4
1,Negative,1840,ascendant feuds,2.80662363177098e-4,0.6931471805599453,1.9454032572549686e-4
2,Negative,1840,useless property,5.61324726354196e-4,0.6931471805599453,3.890806514509937e-4
3,Negative,1840,insolvent tenants,8.419870895312938e-4,0.6931471805599453,5.836209771764905e-4
1,Negative,1840,other lessees,2.80662363177098e-4,0.6931471805599453,1.9454032572549686e-4
3,Negative,1840,small tenant,8.419870895312938e-4,0.6931471805599453,5.836209771764905e-4
1,Negative,1840,deadly feuds,2.80662363177098e-4,0.6931471805599453,1.9454032572549686e-4
1,Negative,1840,severed property,2.80662363177098e-4,0.6931471805599453,1.9454032572549686e-4
4,Negative,1840,old feuds,0.001122649452708392,0.6931471805599453,7.781613029019874e-4
1,Negative,1840,common rent,2.80662363177098e-4,0.6931471805599453,1.9454032572549686e-4
1,Negative,1840,other termor,2.80662363177098e-4,0.6931471805599453,1.9454032572549686e-4
1,Negative,1840,other lease,2.80662363177098e-4,0.6931471805599453,1.9454032572549686e-4
1,Negative,1840,distressed tenantry,2.80662363177098e-4,0.6931471805599453,1.9454032572549686e-4
1,Negative,1840,unsold property,2.80662363177098e-4,0.6931471805599453,1.9454032572549686e-4
1,Negative,1840,wasted lands,2.80662363177098e-4,0.6931471805599453,1.9454032572549686e-4
2,Negative,1840,small landowner,5.61324726354196e-4,0.6931471805599453,3.890806514509937e-4
1,Negative,1840,other inclosures,2.80662363177098e-4,0.6931471805599453,1.9454032572549686e-4
2,Negative,1840,unjust landlords,5.61324726354196e-4,0.6931471805599453,3.890806514509937e-4
2,Negative,1840,bad tenants,5.61324726354196e-4,0.6931471805599453,3.890806514509937e-4
1,Negative,1840,lowest rent,2.80662363177098e-4,0.6931471805599453,1.9454032572549686e-4
5,Negative,1840,wet lands,0.0014033118158854898,0.6931471805599453,9.727016286274842e-4
1,Negative,1840,sour lands,2.80662363177098e-4,0.6931471805599453,1.9454032572549686e-4
1,Negative,1840,less land,2.80662363177098e-4,0,0
1,Negative,1840,commercial feudality,2.80662363177098e-4,0.6931471805599453,1.9454032572549686e-4
1,Negative,1840,improper evictions,2.80662363177098e-4,0.6931471805599453,1.9454032572549686e-4
1,Negative,1840,hardhearted absentee,2.80662363177098e-4,0.6931471805599453,1.9454032572549686e-4
16,Negative,1840,bad landlords,0.004490597810833568,0.6931471805599453,0.0031126452116079497
2,Negative,1840,heartless landlords,5.61324726354196e-4,0.6931471805599453,3.890806514509937e-4
3,Negative,1840,unfortunate tenant,8.419870895312938e-4,0.6931471805599453,5.836209771764905e-4
1,Negative,1840,heartless absentees,2.80662363177098e-4,0.6931471805599453,1.9454032572549686e-4
1,Negative,1840,unhappy tenantry,2.80662363177098e-4,0.6931471805599453,1.9454032572549686e-4
1,Negative,1840,relentless landlords,2.80662363177098e-4,0.6931471805599453,1.9454032572549686e-4
1,Negative,1840,single lease,2.80662363177098e-4,0.6931471805599453,1.9454032572549686e-4
4,Negative,1840,bad tenant,0.001122649452708392,0.6931471805599453,7.781613029019874e-4
2,Negative,1840,exempt property,5.61324726354196e-4,0.6931471805599453,3.890806514509937e-4
1,Negative,1840,ordinary tenancy,2.80662363177098e-4,0.6931471805599453,1.9454032572549686e-4
2,Negative,1840,small tenantry,5.61324726354196e-4,0.6931471805599453,3.890806514509937e-4
1,Negative,1840,extreme rent,2.80662363177098e-4,0.6931471805599453,1.9454032572549686e-4
1,Negative,1840,anxious tenant,2.80662363177098e-4,0.6931471805599453,1.9454032572549686e-4
1,Negative,1840,starving tenantry,2.80662363177098e-4,0.6931471805599453,1.9454032572549686e-4
1,Negative,1840,miserable tenantry,2.80662363177098e-4,0.6931471805599453,1.9454032572549686e-4
1,Negative,1840,obnoxious tenants,2.80662363177098e-4,0.6931471805599453,1.9454032572549686e-4
1,Negative,1840,reluctant landlords,2.80662363177098e-4,0.6931471805599453,1.9454032572549686e-4
1,Negative,1840,fierce feuds,2.80662363177098e-4,0.6931471805599453,1.9454032572549686e-4
1,Negative,1840,unable tenantry,2.80662363177098e-4,0.6931471805599453,1.9454032572549686e-4
2,Negative,1840,such absentees,5.61324726354196e-4,0.6931471805599453,3.890806514509937e-4
1,Negative,1840,small absentees,2.80662363177098e-4,0.6931471805599453,1.9454032572549686e-4
1,Negative,1840,worst landlords,2.80662363177098e-4,0.6931471805599453,1.9454032572549686e-4
1,Negative,1840,abused landlords,2.80662363177098e-4,0.6931471805599453,1.9454032572549686e-4
1,Negative,1840,wrong enclosure,2.80662363177098e-4,0.6931471805599453,1.9454032572549686e-4
3,Negative,1840,poorest land,8.419870895312938e-4,0.6931471805599453,5.836209771764905e-4
3,Negative,1840,subject land,8.419870895312938e-4,0.6931471805599453,5.836209771764905e-4
1,Negative,1840,ancient feuds,2.80662363177098e-4,0.6931471805599453,1.9454032572549686e-4
2,Negative,1840,poor landlords,5.61324726354196e-4,0.6931471805599453,3.890806514509937e-4
1,Negative,1840,less property,2.80662363177098e-4,0.6931471805599453,1.9454032572549686e-4
1,Negative,1840,deprived landowners,2.80662363177098e-4,0.6931471805599453,1.9454032572549686e-4
2,Negative,1840,unfortunate tenants,5.61324726354196e-4,0.6931471805599453,3.890806514509937e-4
1,Negative,1840,low rental,2.80662363177098e-4,0.6931471805599453,1.9454032572549686e-4
1,Negative,1840,obnoxious landlords,2.80662363177098e-4,0.6931471805599453,1.9454032572549686e-4
1,Negative,1840,previous landlords,2.80662363177098e-4,0.6931471805599453,1.9454032572549686e-4
1,Negative,1840,single landlord,2.80662363177098e-4,0.6931471805599453,1.9454032572549686e-4
1,Negative,1840,hostile land,2.80662363177098e-4,0.6931471805599453,1.9454032572549686e-4
1,Negative,1840,alleged eviction,2.80662363177098e-4,0.6931471805599453,1.9454032572549686e-4
2,Negative,1840,dry land,5.61324726354196e-4,0.6931471805599453,3.890806514509937e-4
1,Negative,1840,small tenancy,2.80662363177098e-4,0.6931471805599453,1.9454032572549686e-4
1,Negative,1840,mere tenancy,2.80662363177098e-4,0.6931471805599453,1.9454032572549686e-4
2,Negative,1840,unfortunate landlords,5.61324726354196e-4,0.6931471805599453,3.890806514509937e-4
2,Negative,1840,heartless landlord,5.61324726354196e-4,0.6931471805599453,3.890806514509937e-4
1,Negative,1840,afflicted land,2.80662363177098e-4,0.6931471805599453,1.9454032572549686e-4
3,Negative,1840,small landlords,8.419870895312938e-4,0.6931471805599453,5.836209771764905e-4
1,Negative,1840,incapable tenantry,2.80662363177098e-4,0.6931471805599453,1.9454032572549686e-4
1,Negative,1840,hard landlords,2.80662363177098e-4,0.6931471805599453,1.9454032572549686e-4
4,Negative,1840,due rents,0.001122649452708392,0.6931471805599453,7.781613029019874e-4
1,Negative,1840,ruined property,2.80662363177098e-4,0.6931471805599453,1.9454032572549686e-4
1,Negative,1840,lost property,2.80662363177098e-4,0.6931471805599453,1.9454032572549686e-4
2,Negative,1840,subject lands,5.61324726354196e-4,0.6931471805599453,3.890806514509937e-4
1,Negative,1840,fraudulent tenants,2.80662363177098e-4,0.6931471805599453,1.9454032572549686e-4
1,Negative,1840,constant absentee,2.80662363177098e-4,0.6931471805599453,1.9454032572549686e-4
2,Negative,1840,embarrassed landlord,5.61324726354196e-4,0.6931471805599453,3.890806514509937e-4
2,Negative,1840,lower rent,5.61324726354196e-4,0.6931471805599453,3.890806514509937e-4
1,Negative,1840,unhappy lands,2.80662363177098e-4,0.6931471805599453,1.9454032572549686e-4
1,Negative,1840,miserable tenements,2.80662363177098e-4,0.6931471805599453,1.9454032572549686e-4
1,Negative,1840,subsequent eviction,2.80662363177098e-4,0.6931471805599453,1.9454032572549686e-4
1,Negative,1840,strange lands,2.80662363177098e-4,0.6931471805599453,1.9454032572549686e-4
1,Negative,1840,other eminent,2.80662363177098e-4,0.6931471805599453,1.9454032572549686e-4
3,Negative,1840,small landholders,8.419870895312938e-4,0.6931471805599453,5.836209771764905e-4
1,Negative,1840,bad rents,2.80662363177098e-4,0.6931471805599453,1.9454032572549686e-4
1,Negative,1840,worst landlord,2.80662363177098e-4,0.6931471805599453,1.9454032572549686e-4
1,Negative,1840,harsh landlords,2.80662363177098e-4,0.6931471805599453,1.9454032572549686e-4
1,Negative,1840,worst tenantry,2.80662363177098e-4,0.6931471805599453,1.9454032572549686e-4
1,Negative,1840,cruel landlords,2.80662363177098e-4,0.6931471805599453,1.9454032572549686e-4
1,Negative,1840,impossible rents,2.80662363177098e-4,0.6931471805599453,1.9454032572549686e-4
1,Negative,1840,long land,2.80662363177098e-4,0.6931471805599453,1.9454032572549686e-4
2,Negative,1840,bankrupt landowners,5.61324726354196e-4,0.6931471805599453,3.890806514509937e-4
1,Negative,1840,stricken land,2.80662363177098e-4,0.6931471805599453,1.9454032572549686e-4
1,Negative,1840,bad landholders,2.80662363177098e-4,0.6931471805599453,1.9454032572549686e-4
1,Negative,1840,forgotten feuds,2.80662363177098e-4,0.6931471805599453,1.9454032572549686e-4
1,Negative,1840,fanatical feuds,2.80662363177098e-4,0.6931471805599453,1.9454032572549686e-4
1,Negative,1840,impossible land,2.80662363177098e-4,0.6931471805599453,1.9454032572549686e-4
1,Negative,1840,miserable landlords,2.80662363177098e-4,0.6931471805599453,1.9454032572549686e-4
1,Negative,1840,previous property,2.80662363177098e-4,0.6931471805599453,1.9454032572549686e-4
1,Negative,1840,poor tenements,2.80662363177098e-4,0.6931471805599453,1.9454032572549686e-4
1,Negative,1840,mere landlord,2.80662363177098e-4,0.6931471805599453,1.9454032572549686e-4
1,Negative,1840,long leaseholders,2.80662363177098e-4,0.6931471805599453,1.9454032572549686e-4
2,Negative,1840,wholesale eviction,5.61324726354196e-4,0.6931471805599453,3.890806514509937e-4
1,Negative,1840,lowest tenant,2.80662363177098e-4,0.6931471805599453,1.9454032572549686e-4
1,Negative,1840,dispossessed tenantry,2.80662363177098e-4,0.6931471805599453,1.9454032572549686e-4
1,Negative,1840,mere villein,2.80662363177098e-4,0.6931471805599453,1.9454032572549686e-4
2,Negative,1840,insufficient rent,5.61324726354196e-4,0.6931471805599453,3.890806514509937e-4
1,Negative,1840,lowest lessee,2.80662363177098e-4,0.6931471805599453,1.9454032572549686e-4
1,Negative,1840,extensive eviction,2.80662363177098e-4,0.6931471805599453,1.9454032572549686e-4
1,Negative,1840,fatal feuds,2.80662363177098e-4,0.6931471805599453,1.9454032572549686e-4
1,Negative,1840,mere tenantry,2.80662363177098e-4,0.6931471805599453,1.9454032572549686e-4
1,Negative,1840,lazy tenant,2.80662363177098e-4,0.6931471805599453,1.9454032572549686e-4
1,Negative,1840,discontented tenants,2.80662363177098e-4,0.6931471805599453,1.9454032572549686e-4
2,Negative,1840,cruel evictions,5.61324726354196e-4,0.6931471805599453,3.890806514509937e-4
1,Negative,1840,embarrassed property,2.80662363177098e-4,0.6931471805599453,1.9454032572549686e-4
1,Negative,1840,past feuds,2.80662363177098e-4,0.6931471805599453,1.9454032572549686e-4
1,Negative,1840,aged tenant,2.80662363177098e-4,0.6931471805599453,1.9454032572549686e-4
1,Negative,1840,reckless landlord,2.80662363177098e-4,0.6931471805599453,1.9454032572549686e-4
1,Negative,1840,uncertain rents,2.80662363177098e-4,0.6931471805599453,1.9454032572549686e-4
1,Negative,1840,insolvent landlords,2.80662363177098e-4,0.6931471805599453,1.9454032572549686e-4
3,Negative,1840,insolvent property,8.419870895312938e-4,0.6931471805599453,5.836209771764905e-4
1,Negative,1840,ordinary landlord,2.80662363177098e-4,0.6931471805599453,1.9454032572549686e-4
2,Negative,1840,low lands,5.61324726354196e-4,0.6931471805599453,3.890806514509937e-4
1,Negative,1840,average land,2.80662363177098e-4,0.6931471805599453,1.9454032572549686e-4
1,Negative,1840,gross rentals,2.80662363177098e-4,0.6931471805599453,1.9454032572549686e-4
1,Negative,1840,other evictions,2.80662363177098e-4,0.6931471805599453,1.9454032572549686e-4
1,Negative,1840,little rent,2.80662363177098e-4,0.6931471805599453,1.9454032572549686e-4
1,Negative,1840,useless land,2.80662363177098e-4,0.6931471805599453,1.9454032572549686e-4
1,Negative,1840,reckless evictions,2.80662363177098e-4,0.6931471805599453,1.9454032572549686e-4
1,Negative,1840,illegal evictions,2.80662363177098e-4,0.6931471805599453,1.9454032572549686e-4
1,Negative,1840,shattered property,2.80662363177098e-4,0.6931471805599453,1.9454032572549686e-4
1,Negative,1840,constant feuds,2.80662363177098e-4,0.6931471805599453,1.9454032572549686e-4
1,Negative,1840,neglected land,2.80662363177098e-4,0.6931471805599453,1.9454032572549686e-4
1,Negative,1840,compelling absentee,2.80662363177098e-4,0.6931471805599453,1.9454032572549686e-4
1,Negative,1840,oppressive rent,2.80662363177098e-4,0.6931471805599453,1.9454032572549686e-4
1,Negative,1840,former feuds,2.80662363177098e-4,0.6931471805599453,1.9454032572549686e-4
1,Negative,1840,other rents,2.80662363177098e-4,0.6931471805599453,1.9454032572549686e-4
1,Negative,1840,ending feuds,2.80662363177098e-4,0.6931471805599453,1.9454032572549686e-4
2,Negative,1840,fraudulent tenant,5.61324726354196e-4,0.6931471805599453,3.890806514509937e-4
1,Negative,1840,poorest tenant,2.80662363177098e-4,0.6931471805599453,1.9454032572549686e-4
1,Negative,1840,wronged land,2.80662363177098e-4,0.6931471805599453,1.9454032572549686e-4
1,Negative,1840,mere landlords,2.80662363177098e-4,0.6931471805599453,1.9454032572549686e-4
1,Negative,1840,discontented tenantry,2.80662363177098e-4,0.6931471805599453,1.9454032572549686e-4
