year,debates_per_year,keywords,words_per_year,proportion
1804,1,road,168,0.005952380952380952
1807,3,road,59,0.05084745762711865
1811,2,road,211,0.009478672985781991
1815,1,road,247,0.004048582995951417
1819,1,road,378,0.0026455026455026454
1820,1,road,219,0.0045662100456621
1823,1,road,226,0.004424778761061947
1824,2,road,313,0.006389776357827476
1825,1,road,118,0.00847457627118644
1826,2,road,223,0.008968609865470852
1830,4,road,717,0.005578800557880056
1831,1,road,932,0.001072961373390558
1833,2,road,519,0.0038535645472061657
1834,3,road,483,0.006211180124223602
1835,4,road,627,0.006379585326953748
1836,11,road,604,0.018211920529801324
1837,5,road,497,0.01006036217303823
1838,1,road,373,0.002680965147453083
1839,8,road,517,0.015473887814313346
1840,3,road,469,0.006396588486140725
1841,5,road,528,0.00946969696969697
1842,5,road,811,0.006165228113440197
1843,2,road,624,0.003205128205128205
1844,1,road,290,0.0034482758620689655
1845,47,road,636,0.07389937106918239
1846,27,road,597,0.04522613065326633
1847,18,road,794,0.022670025188916875
1848,11,road,438,0.02511415525114155
1849,13,road,487,0.026694045174537988
1850,24,road,535,0.044859813084112146
1851,5,road,283,0.0176678445229682
1852,9,road,579,0.015544041450777202
1853,7,road,555,0.012612612612612612
1854,13,road,667,0.019490254872563718
1855,13,road,764,0.017015706806282723
1856,6,road,846,0.0070921985815602835
1857,4,road,724,0.0055248618784530384
1858,7,road,610,0.011475409836065573
1860,6,road,580,0.010344827586206896
1861,11,road,576,0.019097222222222224
1862,9,road,449,0.0200445434298441
1863,12,road,589,0.02037351443123939
1864,6,road,439,0.01366742596810934
1865,9,road,528,0.017045454545454544
1866,7,road,419,0.016706443914081145
1867,17,road,717,0.023709902370990237
1868,5,road,481,0.010395010395010396
1869,6,road,631,0.009508716323296355
1870,4,road,684,0.005847953216374269
1871,8,road,792,0.010101010101010102
1872,1,road,607,0.0016474464579901153
1873,15,road,746,0.020107238605898123
1874,7,road,495,0.014141414141414142
1875,13,road,865,0.015028901734104046
1876,11,road,933,0.011789924973204717
1877,7,road,893,0.007838745800671893
1878,10,road,945,0.010582010582010581
1879,14,road,846,0.016548463356973995
1880,18,road,1264,0.014240506329113924
1881,18,road,1629,0.011049723756906077
1882,10,road,1477,0.006770480704129994
1883,37,road,2947,0.012555140821174076
1884,26,road,2168,0.011992619926199263
1885,29,road,1549,0.01872175597159458
1886,46,road,2811,0.016364283173247954
1887,85,road,4399,0.01932257331211639
1888,46,road,4589,0.010023970363913707
1889,53,road,2889,0.018345448251990307
1890,59,road,3259,0.018103712795335992
1891,20,road,810,0.024691358024691357
1892,56,road,2028,0.027613412228796843
1893,73,road,2045,0.03569682151589242
1894,76,road,2158,0.03521779425393883
1895,107,road,2934,0.03646898432174506
1896,143,road,3517,0.04065965311344896
1897,101,road,2867,0.035228461806766656
1898,86,road,2951,0.029142663503896982
1899,90,road,2470,0.03643724696356275
1900,125,road,4199,0.02976899261728983
1901,98,road,3443,0.028463549230322394
1902,184,road,5941,0.0309712169668406
1903,76,road,2221,0.034218820351193155
1904,85,road,3296,0.02578883495145631
1905,75,road,3447,0.02175805047867711
1906,130,road,5193,0.02503369921047564
1907,101,road,4386,0.02302781577747378
1908,87,road,5474,0.015893313847278042
1909,172,road,6443,0.026695638677634644
1910,115,road,5008,0.022963258785942492
1804,1,transport,168,0.005952380952380952
1807,3,transport,59,0.05084745762711865
1811,2,transport,211,0.009478672985781991
1815,1,transport,247,0.004048582995951417
1819,1,transport,378,0.0026455026455026454
1820,1,transport,219,0.0045662100456621
1823,1,transport,226,0.004424778761061947
1824,2,transport,313,0.006389776357827476
1825,1,transport,118,0.00847457627118644
1826,2,transport,223,0.008968609865470852
1830,4,transport,717,0.005578800557880056
1831,1,transport,932,0.001072961373390558
1833,2,transport,519,0.0038535645472061657
1834,3,transport,483,0.006211180124223602
1835,4,transport,627,0.006379585326953748
1836,11,transport,604,0.018211920529801324
1837,5,transport,497,0.01006036217303823
1838,1,transport,373,0.002680965147453083
1839,8,transport,517,0.015473887814313346
1840,3,transport,469,0.006396588486140725
1841,5,transport,528,0.00946969696969697
1842,5,transport,811,0.006165228113440197
1843,2,transport,624,0.003205128205128205
1844,1,transport,290,0.0034482758620689655
1845,47,transport,636,0.07389937106918239
1846,27,transport,597,0.04522613065326633
1847,18,transport,794,0.022670025188916875
1848,11,transport,438,0.02511415525114155
1849,13,transport,487,0.026694045174537988
1850,24,transport,535,0.044859813084112146
1851,5,transport,283,0.0176678445229682
1852,9,transport,579,0.015544041450777202
1853,7,transport,555,0.012612612612612612
1854,13,transport,667,0.019490254872563718
1855,13,transport,764,0.017015706806282723
1856,6,transport,846,0.0070921985815602835
1857,4,transport,724,0.0055248618784530384
1858,7,transport,610,0.011475409836065573
1860,6,transport,580,0.010344827586206896
1861,11,transport,576,0.019097222222222224
1862,9,transport,449,0.0200445434298441
1863,12,transport,589,0.02037351443123939
1864,6,transport,439,0.01366742596810934
1865,9,transport,528,0.017045454545454544
1866,7,transport,419,0.016706443914081145
1867,17,transport,717,0.023709902370990237
1868,5,transport,481,0.010395010395010396
1869,6,transport,631,0.009508716323296355
1870,4,transport,684,0.005847953216374269
1871,8,transport,792,0.010101010101010102
1872,1,transport,607,0.0016474464579901153
1873,15,transport,746,0.020107238605898123
1874,7,transport,495,0.014141414141414142
1875,13,transport,865,0.015028901734104046
1876,11,transport,933,0.011789924973204717
1877,7,transport,893,0.007838745800671893
1878,10,transport,945,0.010582010582010581
1879,14,transport,846,0.016548463356973995
1880,18,transport,1264,0.014240506329113924
1881,18,transport,1629,0.011049723756906077
1882,10,transport,1477,0.006770480704129994
1883,37,transport,2947,0.012555140821174076
1884,26,transport,2168,0.011992619926199263
1885,29,transport,1549,0.01872175597159458
1886,46,transport,2811,0.016364283173247954
1887,85,transport,4399,0.01932257331211639
1888,46,transport,4589,0.010023970363913707
1889,53,transport,2889,0.018345448251990307
1890,59,transport,3259,0.018103712795335992
1891,20,transport,810,0.024691358024691357
1892,56,transport,2028,0.027613412228796843
1893,73,transport,2045,0.03569682151589242
1894,76,transport,2158,0.03521779425393883
1895,107,transport,2934,0.03646898432174506
1896,143,transport,3517,0.04065965311344896
1897,101,transport,2867,0.035228461806766656
1898,86,transport,2951,0.029142663503896982
1899,90,transport,2470,0.03643724696356275
1900,125,transport,4199,0.02976899261728983
1901,98,transport,3443,0.028463549230322394
1902,184,transport,5941,0.0309712169668406
1903,76,transport,2221,0.034218820351193155
1904,85,transport,3296,0.02578883495145631
1905,75,transport,3447,0.02175805047867711
1906,130,transport,5193,0.02503369921047564
1907,101,transport,4386,0.02302781577747378
1908,87,transport,5474,0.015893313847278042
1909,172,transport,6443,0.026695638677634644
1910,115,transport,5008,0.022963258785942492
1804,1,railway,168,0.005952380952380952
1807,3,railway,59,0.05084745762711865
1811,2,railway,211,0.009478672985781991
1815,1,railway,247,0.004048582995951417
1819,1,railway,378,0.0026455026455026454
1820,1,railway,219,0.0045662100456621
1823,1,railway,226,0.004424778761061947
1824,2,railway,313,0.006389776357827476
1825,1,railway,118,0.00847457627118644
1826,2,railway,223,0.008968609865470852
1830,4,railway,717,0.005578800557880056
1831,1,railway,932,0.001072961373390558
1833,2,railway,519,0.0038535645472061657
1834,3,railway,483,0.006211180124223602
1835,4,railway,627,0.006379585326953748
1836,11,railway,604,0.018211920529801324
1837,5,railway,497,0.01006036217303823
1838,1,railway,373,0.002680965147453083
1839,8,railway,517,0.015473887814313346
1840,3,railway,469,0.006396588486140725
1841,5,railway,528,0.00946969696969697
1842,5,railway,811,0.006165228113440197
1843,2,railway,624,0.003205128205128205
1844,1,railway,290,0.0034482758620689655
1845,47,railway,636,0.07389937106918239
1846,27,railway,597,0.04522613065326633
1847,18,railway,794,0.022670025188916875
1848,11,railway,438,0.02511415525114155
1849,13,railway,487,0.026694045174537988
1850,24,railway,535,0.044859813084112146
1851,5,railway,283,0.0176678445229682
1852,9,railway,579,0.015544041450777202
1853,7,railway,555,0.012612612612612612
1854,13,railway,667,0.019490254872563718
1855,13,railway,764,0.017015706806282723
1856,6,railway,846,0.0070921985815602835
1857,4,railway,724,0.0055248618784530384
1858,7,railway,610,0.011475409836065573
1860,6,railway,580,0.010344827586206896
1861,11,railway,576,0.019097222222222224
1862,9,railway,449,0.0200445434298441
1863,12,railway,589,0.02037351443123939
1864,6,railway,439,0.01366742596810934
1865,9,railway,528,0.017045454545454544
1866,7,railway,419,0.016706443914081145
1867,17,railway,717,0.023709902370990237
1868,5,railway,481,0.010395010395010396
1869,6,railway,631,0.009508716323296355
1870,4,railway,684,0.005847953216374269
1871,8,railway,792,0.010101010101010102
1872,1,railway,607,0.0016474464579901153
1873,15,railway,746,0.020107238605898123
1874,7,railway,495,0.014141414141414142
1875,13,railway,865,0.015028901734104046
1876,11,railway,933,0.011789924973204717
1877,7,railway,893,0.007838745800671893
1878,10,railway,945,0.010582010582010581
1879,14,railway,846,0.016548463356973995
1880,18,railway,1264,0.014240506329113924
1881,18,railway,1629,0.011049723756906077
1882,10,railway,1477,0.006770480704129994
1883,37,railway,2947,0.012555140821174076
1884,26,railway,2168,0.011992619926199263
1885,29,railway,1549,0.01872175597159458
1886,46,railway,2811,0.016364283173247954
1887,85,railway,4399,0.01932257331211639
1888,46,railway,4589,0.010023970363913707
1889,53,railway,2889,0.018345448251990307
1890,59,railway,3259,0.018103712795335992
1891,20,railway,810,0.024691358024691357
1892,56,railway,2028,0.027613412228796843
1893,73,railway,2045,0.03569682151589242
1894,76,railway,2158,0.03521779425393883
1895,107,railway,2934,0.03646898432174506
1896,143,railway,3517,0.04065965311344896
1897,101,railway,2867,0.035228461806766656
1898,86,railway,2951,0.029142663503896982
1899,90,railway,2470,0.03643724696356275
1900,125,railway,4199,0.02976899261728983
1901,98,railway,3443,0.028463549230322394
1902,184,railway,5941,0.0309712169668406
1903,76,railway,2221,0.034218820351193155
1904,85,railway,3296,0.02578883495145631
1905,75,railway,3447,0.02175805047867711
1906,130,railway,5193,0.02503369921047564
1907,101,railway,4386,0.02302781577747378
1908,87,railway,5474,0.015893313847278042
1909,172,railway,6443,0.026695638677634644
1910,115,railway,5008,0.022963258785942492
1804,1,shipments,168,0.005952380952380952
1807,3,shipments,59,0.05084745762711865
1811,2,shipments,211,0.009478672985781991
1815,1,shipments,247,0.004048582995951417
1819,1,shipments,378,0.0026455026455026454
1820,1,shipments,219,0.0045662100456621
1823,1,shipments,226,0.004424778761061947
1824,2,shipments,313,0.006389776357827476
1825,1,shipments,118,0.00847457627118644
1826,2,shipments,223,0.008968609865470852
1830,4,shipments,717,0.005578800557880056
1831,1,shipments,932,0.001072961373390558
1833,2,shipments,519,0.0038535645472061657
1834,3,shipments,483,0.006211180124223602
1835,4,shipments,627,0.006379585326953748
1836,11,shipments,604,0.018211920529801324
1837,5,shipments,497,0.01006036217303823
1838,1,shipments,373,0.002680965147453083
1839,8,shipments,517,0.015473887814313346
1840,3,shipments,469,0.006396588486140725
1841,5,shipments,528,0.00946969696969697
1842,5,shipments,811,0.006165228113440197
1843,2,shipments,624,0.003205128205128205
1844,1,shipments,290,0.0034482758620689655
1845,47,shipments,636,0.07389937106918239
1846,27,shipments,597,0.04522613065326633
1847,18,shipments,794,0.022670025188916875
1848,11,shipments,438,0.02511415525114155
1849,13,shipments,487,0.026694045174537988
1850,24,shipments,535,0.044859813084112146
1851,5,shipments,283,0.0176678445229682
1852,9,shipments,579,0.015544041450777202
1853,7,shipments,555,0.012612612612612612
1854,13,shipments,667,0.019490254872563718
1855,13,shipments,764,0.017015706806282723
1856,6,shipments,846,0.0070921985815602835
1857,4,shipments,724,0.0055248618784530384
1858,7,shipments,610,0.011475409836065573
1860,6,shipments,580,0.010344827586206896
1861,11,shipments,576,0.019097222222222224
1862,9,shipments,449,0.0200445434298441
1863,12,shipments,589,0.02037351443123939
1864,6,shipments,439,0.01366742596810934
1865,9,shipments,528,0.017045454545454544
1866,7,shipments,419,0.016706443914081145
1867,17,shipments,717,0.023709902370990237
1868,5,shipments,481,0.010395010395010396
1869,6,shipments,631,0.009508716323296355
1870,4,shipments,684,0.005847953216374269
1871,8,shipments,792,0.010101010101010102
1872,1,shipments,607,0.0016474464579901153
1873,15,shipments,746,0.020107238605898123
1874,7,shipments,495,0.014141414141414142
1875,13,shipments,865,0.015028901734104046
1876,11,shipments,933,0.011789924973204717
1877,7,shipments,893,0.007838745800671893
1878,10,shipments,945,0.010582010582010581
1879,14,shipments,846,0.016548463356973995
1880,18,shipments,1264,0.014240506329113924
1881,18,shipments,1629,0.011049723756906077
1882,10,shipments,1477,0.006770480704129994
1883,37,shipments,2947,0.012555140821174076
1884,26,shipments,2168,0.011992619926199263
1885,29,shipments,1549,0.01872175597159458
1886,46,shipments,2811,0.016364283173247954
1887,85,shipments,4399,0.01932257331211639
1888,46,shipments,4589,0.010023970363913707
1889,53,shipments,2889,0.018345448251990307
1890,59,shipments,3259,0.018103712795335992
1891,20,shipments,810,0.024691358024691357
1892,56,shipments,2028,0.027613412228796843
1893,73,shipments,2045,0.03569682151589242
1894,76,shipments,2158,0.03521779425393883
1895,107,shipments,2934,0.03646898432174506
1896,143,shipments,3517,0.04065965311344896
1897,101,shipments,2867,0.035228461806766656
1898,86,shipments,2951,0.029142663503896982
1899,90,shipments,2470,0.03643724696356275
1900,125,shipments,4199,0.02976899261728983
1901,98,shipments,3443,0.028463549230322394
1902,184,shipments,5941,0.0309712169668406
1903,76,shipments,2221,0.034218820351193155
1904,85,shipments,3296,0.02578883495145631
1905,75,shipments,3447,0.02175805047867711
1906,130,shipments,5193,0.02503369921047564
1907,101,shipments,4386,0.02302781577747378
1908,87,shipments,5474,0.015893313847278042
1909,172,shipments,6443,0.026695638677634644
1910,115,shipments,5008,0.022963258785942492
1804,1,ship,168,0.005952380952380952
1807,3,ship,59,0.05084745762711865
1811,2,ship,211,0.009478672985781991
1815,1,ship,247,0.004048582995951417
1819,1,ship,378,0.0026455026455026454
1820,1,ship,219,0.0045662100456621
1823,1,ship,226,0.004424778761061947
1824,2,ship,313,0.006389776357827476
1825,1,ship,118,0.00847457627118644
1826,2,ship,223,0.008968609865470852
1830,4,ship,717,0.005578800557880056
1831,1,ship,932,0.001072961373390558
1833,2,ship,519,0.0038535645472061657
1834,3,ship,483,0.006211180124223602
1835,4,ship,627,0.006379585326953748
1836,11,ship,604,0.018211920529801324
1837,5,ship,497,0.01006036217303823
1838,1,ship,373,0.002680965147453083
1839,8,ship,517,0.015473887814313346
1840,3,ship,469,0.006396588486140725
1841,5,ship,528,0.00946969696969697
1842,5,ship,811,0.006165228113440197
1843,2,ship,624,0.003205128205128205
1844,1,ship,290,0.0034482758620689655
1845,47,ship,636,0.07389937106918239
1846,27,ship,597,0.04522613065326633
1847,18,ship,794,0.022670025188916875
1848,11,ship,438,0.02511415525114155
1849,13,ship,487,0.026694045174537988
1850,24,ship,535,0.044859813084112146
1851,5,ship,283,0.0176678445229682
1852,9,ship,579,0.015544041450777202
1853,7,ship,555,0.012612612612612612
1854,13,ship,667,0.019490254872563718
1855,13,ship,764,0.017015706806282723
1856,6,ship,846,0.0070921985815602835
1857,4,ship,724,0.0055248618784530384
1858,7,ship,610,0.011475409836065573
1860,6,ship,580,0.010344827586206896
1861,11,ship,576,0.019097222222222224
1862,9,ship,449,0.0200445434298441
1863,12,ship,589,0.02037351443123939
1864,6,ship,439,0.01366742596810934
1865,9,ship,528,0.017045454545454544
1866,7,ship,419,0.016706443914081145
1867,17,ship,717,0.023709902370990237
1868,5,ship,481,0.010395010395010396
1869,6,ship,631,0.009508716323296355
1870,4,ship,684,0.005847953216374269
1871,8,ship,792,0.010101010101010102
1872,1,ship,607,0.0016474464579901153
1873,15,ship,746,0.020107238605898123
1874,7,ship,495,0.014141414141414142
1875,13,ship,865,0.015028901734104046
1876,11,ship,933,0.011789924973204717
1877,7,ship,893,0.007838745800671893
1878,10,ship,945,0.010582010582010581
1879,14,ship,846,0.016548463356973995
1880,18,ship,1264,0.014240506329113924
1881,18,ship,1629,0.011049723756906077
1882,10,ship,1477,0.006770480704129994
1883,37,ship,2947,0.012555140821174076
1884,26,ship,2168,0.011992619926199263
1885,29,ship,1549,0.01872175597159458
1886,46,ship,2811,0.016364283173247954
1887,85,ship,4399,0.01932257331211639
1888,46,ship,4589,0.010023970363913707
1889,53,ship,2889,0.018345448251990307
1890,59,ship,3259,0.018103712795335992
1891,20,ship,810,0.024691358024691357
1892,56,ship,2028,0.027613412228796843
1893,73,ship,2045,0.03569682151589242
1894,76,ship,2158,0.03521779425393883
1895,107,ship,2934,0.03646898432174506
1896,143,ship,3517,0.04065965311344896
1897,101,ship,2867,0.035228461806766656
1898,86,ship,2951,0.029142663503896982
1899,90,ship,2470,0.03643724696356275
1900,125,ship,4199,0.02976899261728983
1901,98,ship,3443,0.028463549230322394
1902,184,ship,5941,0.0309712169668406
1903,76,ship,2221,0.034218820351193155
1904,85,ship,3296,0.02578883495145631
1905,75,ship,3447,0.02175805047867711
1906,130,ship,5193,0.02503369921047564
1907,101,ship,4386,0.02302781577747378
1908,87,ship,5474,0.015893313847278042
1909,172,ship,6443,0.026695638677634644
1910,115,ship,5008,0.022963258785942492
1804,1,passages,168,0.005952380952380952
1807,3,passages,59,0.05084745762711865
1811,2,passages,211,0.009478672985781991
1815,1,passages,247,0.004048582995951417
1819,1,passages,378,0.0026455026455026454
1820,1,passages,219,0.0045662100456621
1823,1,passages,226,0.004424778761061947
1824,2,passages,313,0.006389776357827476
1825,1,passages,118,0.00847457627118644
1826,2,passages,223,0.008968609865470852
1830,4,passages,717,0.005578800557880056
1831,1,passages,932,0.001072961373390558
1833,2,passages,519,0.0038535645472061657
1834,3,passages,483,0.006211180124223602
1835,4,passages,627,0.006379585326953748
1836,11,passages,604,0.018211920529801324
1837,5,passages,497,0.01006036217303823
1838,1,passages,373,0.002680965147453083
1839,8,passages,517,0.015473887814313346
1840,3,passages,469,0.006396588486140725
1841,5,passages,528,0.00946969696969697
1842,5,passages,811,0.006165228113440197
1843,2,passages,624,0.003205128205128205
1844,1,passages,290,0.0034482758620689655
1845,47,passages,636,0.07389937106918239
1846,27,passages,597,0.04522613065326633
1847,18,passages,794,0.022670025188916875
1848,11,passages,438,0.02511415525114155
1849,13,passages,487,0.026694045174537988
1850,24,passages,535,0.044859813084112146
1851,5,passages,283,0.0176678445229682
1852,9,passages,579,0.015544041450777202
1853,7,passages,555,0.012612612612612612
1854,13,passages,667,0.019490254872563718
1855,13,passages,764,0.017015706806282723
1856,6,passages,846,0.0070921985815602835
1857,4,passages,724,0.0055248618784530384
1858,7,passages,610,0.011475409836065573
1860,6,passages,580,0.010344827586206896
1861,11,passages,576,0.019097222222222224
1862,9,passages,449,0.0200445434298441
1863,12,passages,589,0.02037351443123939
1864,6,passages,439,0.01366742596810934
1865,9,passages,528,0.017045454545454544
1866,7,passages,419,0.016706443914081145
1867,17,passages,717,0.023709902370990237
1868,5,passages,481,0.010395010395010396
1869,6,passages,631,0.009508716323296355
1870,4,passages,684,0.005847953216374269
1871,8,passages,792,0.010101010101010102
1872,1,passages,607,0.0016474464579901153
1873,15,passages,746,0.020107238605898123
1874,7,passages,495,0.014141414141414142
1875,13,passages,865,0.015028901734104046
1876,11,passages,933,0.011789924973204717
1877,7,passages,893,0.007838745800671893
1878,10,passages,945,0.010582010582010581
1879,14,passages,846,0.016548463356973995
1880,18,passages,1264,0.014240506329113924
1881,18,passages,1629,0.011049723756906077
1882,10,passages,1477,0.006770480704129994
1883,37,passages,2947,0.012555140821174076
1884,26,passages,2168,0.011992619926199263
1885,29,passages,1549,0.01872175597159458
1886,46,passages,2811,0.016364283173247954
1887,85,passages,4399,0.01932257331211639
1888,46,passages,4589,0.010023970363913707
1889,53,passages,2889,0.018345448251990307
1890,59,passages,3259,0.018103712795335992
1891,20,passages,810,0.024691358024691357
1892,56,passages,2028,0.027613412228796843
1893,73,passages,2045,0.03569682151589242
1894,76,passages,2158,0.03521779425393883
1895,107,passages,2934,0.03646898432174506
1896,143,passages,3517,0.04065965311344896
1897,101,passages,2867,0.035228461806766656
1898,86,passages,2951,0.029142663503896982
1899,90,passages,2470,0.03643724696356275
1900,125,passages,4199,0.02976899261728983
1901,98,passages,3443,0.028463549230322394
1902,184,passages,5941,0.0309712169668406
1903,76,passages,2221,0.034218820351193155
1904,85,passages,3296,0.02578883495145631
1905,75,passages,3447,0.02175805047867711
1906,130,passages,5193,0.02503369921047564
1907,101,passages,4386,0.02302781577747378
1908,87,passages,5474,0.015893313847278042
1909,172,passages,6443,0.026695638677634644
1910,115,passages,5008,0.022963258785942492
1804,1,freights,168,0.005952380952380952
1807,3,freights,59,0.05084745762711865
1811,2,freights,211,0.009478672985781991
1815,1,freights,247,0.004048582995951417
1819,1,freights,378,0.0026455026455026454
1820,1,freights,219,0.0045662100456621
1823,1,freights,226,0.004424778761061947
1824,2,freights,313,0.006389776357827476
1825,1,freights,118,0.00847457627118644
1826,2,freights,223,0.008968609865470852
1830,4,freights,717,0.005578800557880056
1831,1,freights,932,0.001072961373390558
1833,2,freights,519,0.0038535645472061657
1834,3,freights,483,0.006211180124223602
1835,4,freights,627,0.006379585326953748
1836,11,freights,604,0.018211920529801324
1837,5,freights,497,0.01006036217303823
1838,1,freights,373,0.002680965147453083
1839,8,freights,517,0.015473887814313346
1840,3,freights,469,0.006396588486140725
1841,5,freights,528,0.00946969696969697
1842,5,freights,811,0.006165228113440197
1843,2,freights,624,0.003205128205128205
1844,1,freights,290,0.0034482758620689655
1845,47,freights,636,0.07389937106918239
1846,27,freights,597,0.04522613065326633
1847,18,freights,794,0.022670025188916875
1848,11,freights,438,0.02511415525114155
1849,13,freights,487,0.026694045174537988
1850,24,freights,535,0.044859813084112146
1851,5,freights,283,0.0176678445229682
1852,9,freights,579,0.015544041450777202
1853,7,freights,555,0.012612612612612612
1854,13,freights,667,0.019490254872563718
1855,13,freights,764,0.017015706806282723
1856,6,freights,846,0.0070921985815602835
1857,4,freights,724,0.0055248618784530384
1858,7,freights,610,0.011475409836065573
1860,6,freights,580,0.010344827586206896
1861,11,freights,576,0.019097222222222224
1862,9,freights,449,0.0200445434298441
1863,12,freights,589,0.02037351443123939
1864,6,freights,439,0.01366742596810934
1865,9,freights,528,0.017045454545454544
1866,7,freights,419,0.016706443914081145
1867,17,freights,717,0.023709902370990237
1868,5,freights,481,0.010395010395010396
1869,6,freights,631,0.009508716323296355
1870,4,freights,684,0.005847953216374269
1871,8,freights,792,0.010101010101010102
1872,1,freights,607,0.0016474464579901153
1873,15,freights,746,0.020107238605898123
1874,7,freights,495,0.014141414141414142
1875,13,freights,865,0.015028901734104046
1876,11,freights,933,0.011789924973204717
1877,7,freights,893,0.007838745800671893
1878,10,freights,945,0.010582010582010581
1879,14,freights,846,0.016548463356973995
1880,18,freights,1264,0.014240506329113924
1881,18,freights,1629,0.011049723756906077
1882,10,freights,1477,0.006770480704129994
1883,37,freights,2947,0.012555140821174076
1884,26,freights,2168,0.011992619926199263
1885,29,freights,1549,0.01872175597159458
1886,46,freights,2811,0.016364283173247954
1887,85,freights,4399,0.01932257331211639
1888,46,freights,4589,0.010023970363913707
1889,53,freights,2889,0.018345448251990307
1890,59,freights,3259,0.018103712795335992
1891,20,freights,810,0.024691358024691357
1892,56,freights,2028,0.027613412228796843
1893,73,freights,2045,0.03569682151589242
1894,76,freights,2158,0.03521779425393883
1895,107,freights,2934,0.03646898432174506
1896,143,freights,3517,0.04065965311344896
1897,101,freights,2867,0.035228461806766656
1898,86,freights,2951,0.029142663503896982
1899,90,freights,2470,0.03643724696356275
1900,125,freights,4199,0.02976899261728983
1901,98,freights,3443,0.028463549230322394
1902,184,freights,5941,0.0309712169668406
1903,76,freights,2221,0.034218820351193155
1904,85,freights,3296,0.02578883495145631
1905,75,freights,3447,0.02175805047867711
1906,130,freights,5193,0.02503369921047564
1907,101,freights,4386,0.02302781577747378
1908,87,freights,5474,0.015893313847278042
1909,172,freights,6443,0.026695638677634644
1910,115,freights,5008,0.022963258785942492
1804,1,cargoes,168,0.005952380952380952
1807,3,cargoes,59,0.05084745762711865
1811,2,cargoes,211,0.009478672985781991
1815,1,cargoes,247,0.004048582995951417
1819,1,cargoes,378,0.0026455026455026454
1820,1,cargoes,219,0.0045662100456621
1823,1,cargoes,226,0.004424778761061947
1824,2,cargoes,313,0.006389776357827476
1825,1,cargoes,118,0.00847457627118644
1826,2,cargoes,223,0.008968609865470852
1830,4,cargoes,717,0.005578800557880056
1831,1,cargoes,932,0.001072961373390558
1833,2,cargoes,519,0.0038535645472061657
1834,3,cargoes,483,0.006211180124223602
1835,4,cargoes,627,0.006379585326953748
1836,11,cargoes,604,0.018211920529801324
1837,5,cargoes,497,0.01006036217303823
1838,1,cargoes,373,0.002680965147453083
1839,8,cargoes,517,0.015473887814313346
1840,3,cargoes,469,0.006396588486140725
1841,5,cargoes,528,0.00946969696969697
1842,5,cargoes,811,0.006165228113440197
1843,2,cargoes,624,0.003205128205128205
1844,1,cargoes,290,0.0034482758620689655
1845,47,cargoes,636,0.07389937106918239
1846,27,cargoes,597,0.04522613065326633
1847,18,cargoes,794,0.022670025188916875
1848,11,cargoes,438,0.02511415525114155
1849,13,cargoes,487,0.026694045174537988
1850,24,cargoes,535,0.044859813084112146
1851,5,cargoes,283,0.0176678445229682
1852,9,cargoes,579,0.015544041450777202
1853,7,cargoes,555,0.012612612612612612
1854,13,cargoes,667,0.019490254872563718
1855,13,cargoes,764,0.017015706806282723
1856,6,cargoes,846,0.0070921985815602835
1857,4,cargoes,724,0.0055248618784530384
1858,7,cargoes,610,0.011475409836065573
1860,6,cargoes,580,0.010344827586206896
1861,11,cargoes,576,0.019097222222222224
1862,9,cargoes,449,0.0200445434298441
1863,12,cargoes,589,0.02037351443123939
1864,6,cargoes,439,0.01366742596810934
1865,9,cargoes,528,0.017045454545454544
1866,7,cargoes,419,0.016706443914081145
1867,17,cargoes,717,0.023709902370990237
1868,5,cargoes,481,0.010395010395010396
1869,6,cargoes,631,0.009508716323296355
1870,4,cargoes,684,0.005847953216374269
1871,8,cargoes,792,0.010101010101010102
1872,1,cargoes,607,0.0016474464579901153
1873,15,cargoes,746,0.020107238605898123
1874,7,cargoes,495,0.014141414141414142
1875,13,cargoes,865,0.015028901734104046
1876,11,cargoes,933,0.011789924973204717
1877,7,cargoes,893,0.007838745800671893
1878,10,cargoes,945,0.010582010582010581
1879,14,cargoes,846,0.016548463356973995
1880,18,cargoes,1264,0.014240506329113924
1881,18,cargoes,1629,0.011049723756906077
1882,10,cargoes,1477,0.006770480704129994
1883,37,cargoes,2947,0.012555140821174076
1884,26,cargoes,2168,0.011992619926199263
1885,29,cargoes,1549,0.01872175597159458
1886,46,cargoes,2811,0.016364283173247954
1887,85,cargoes,4399,0.01932257331211639
1888,46,cargoes,4589,0.010023970363913707
1889,53,cargoes,2889,0.018345448251990307
1890,59,cargoes,3259,0.018103712795335992
1891,20,cargoes,810,0.024691358024691357
1892,56,cargoes,2028,0.027613412228796843
1893,73,cargoes,2045,0.03569682151589242
1894,76,cargoes,2158,0.03521779425393883
1895,107,cargoes,2934,0.03646898432174506
1896,143,cargoes,3517,0.04065965311344896
1897,101,cargoes,2867,0.035228461806766656
1898,86,cargoes,2951,0.029142663503896982
1899,90,cargoes,2470,0.03643724696356275
1900,125,cargoes,4199,0.02976899261728983
1901,98,cargoes,3443,0.028463549230322394
1902,184,cargoes,5941,0.0309712169668406
1903,76,cargoes,2221,0.034218820351193155
1904,85,cargoes,3296,0.02578883495145631
1905,75,cargoes,3447,0.02175805047867711
1906,130,cargoes,5193,0.02503369921047564
1907,101,cargoes,4386,0.02302781577747378
1908,87,cargoes,5474,0.015893313847278042
1909,172,cargoes,6443,0.026695638677634644
1910,115,cargoes,5008,0.022963258785942492
1804,1,wrecks,168,0.005952380952380952
1807,3,wrecks,59,0.05084745762711865
1811,2,wrecks,211,0.009478672985781991
1815,1,wrecks,247,0.004048582995951417
1819,1,wrecks,378,0.0026455026455026454
1820,1,wrecks,219,0.0045662100456621
1823,1,wrecks,226,0.004424778761061947
1824,2,wrecks,313,0.006389776357827476
1825,1,wrecks,118,0.00847457627118644
1826,2,wrecks,223,0.008968609865470852
1830,4,wrecks,717,0.005578800557880056
1831,1,wrecks,932,0.001072961373390558
1833,2,wrecks,519,0.0038535645472061657
1834,3,wrecks,483,0.006211180124223602
1835,4,wrecks,627,0.006379585326953748
1836,11,wrecks,604,0.018211920529801324
1837,5,wrecks,497,0.01006036217303823
1838,1,wrecks,373,0.002680965147453083
1839,8,wrecks,517,0.015473887814313346
1840,3,wrecks,469,0.006396588486140725
1841,5,wrecks,528,0.00946969696969697
1842,5,wrecks,811,0.006165228113440197
1843,2,wrecks,624,0.003205128205128205
1844,1,wrecks,290,0.0034482758620689655
1845,47,wrecks,636,0.07389937106918239
1846,27,wrecks,597,0.04522613065326633
1847,18,wrecks,794,0.022670025188916875
1848,11,wrecks,438,0.02511415525114155
1849,13,wrecks,487,0.026694045174537988
1850,24,wrecks,535,0.044859813084112146
1851,5,wrecks,283,0.0176678445229682
1852,9,wrecks,579,0.015544041450777202
1853,7,wrecks,555,0.012612612612612612
1854,13,wrecks,667,0.019490254872563718
1855,13,wrecks,764,0.017015706806282723
1856,6,wrecks,846,0.0070921985815602835
1857,4,wrecks,724,0.0055248618784530384
1858,7,wrecks,610,0.011475409836065573
1860,6,wrecks,580,0.010344827586206896
1861,11,wrecks,576,0.019097222222222224
1862,9,wrecks,449,0.0200445434298441
1863,12,wrecks,589,0.02037351443123939
1864,6,wrecks,439,0.01366742596810934
1865,9,wrecks,528,0.017045454545454544
1866,7,wrecks,419,0.016706443914081145
1867,17,wrecks,717,0.023709902370990237
1868,5,wrecks,481,0.010395010395010396
1869,6,wrecks,631,0.009508716323296355
1870,4,wrecks,684,0.005847953216374269
1871,8,wrecks,792,0.010101010101010102
1872,1,wrecks,607,0.0016474464579901153
1873,15,wrecks,746,0.020107238605898123
1874,7,wrecks,495,0.014141414141414142
1875,13,wrecks,865,0.015028901734104046
1876,11,wrecks,933,0.011789924973204717
1877,7,wrecks,893,0.007838745800671893
1878,10,wrecks,945,0.010582010582010581
1879,14,wrecks,846,0.016548463356973995
1880,18,wrecks,1264,0.014240506329113924
1881,18,wrecks,1629,0.011049723756906077
1882,10,wrecks,1477,0.006770480704129994
1883,37,wrecks,2947,0.012555140821174076
1884,26,wrecks,2168,0.011992619926199263
1885,29,wrecks,1549,0.01872175597159458
1886,46,wrecks,2811,0.016364283173247954
1887,85,wrecks,4399,0.01932257331211639
1888,46,wrecks,4589,0.010023970363913707
1889,53,wrecks,2889,0.018345448251990307
1890,59,wrecks,3259,0.018103712795335992
1891,20,wrecks,810,0.024691358024691357
1892,56,wrecks,2028,0.027613412228796843
1893,73,wrecks,2045,0.03569682151589242
1894,76,wrecks,2158,0.03521779425393883
1895,107,wrecks,2934,0.03646898432174506
1896,143,wrecks,3517,0.04065965311344896
1897,101,wrecks,2867,0.035228461806766656
1898,86,wrecks,2951,0.029142663503896982
1899,90,wrecks,2470,0.03643724696356275
1900,125,wrecks,4199,0.02976899261728983
1901,98,wrecks,3443,0.028463549230322394
1902,184,wrecks,5941,0.0309712169668406
1903,76,wrecks,2221,0.034218820351193155
1904,85,wrecks,3296,0.02578883495145631
1905,75,wrecks,3447,0.02175805047867711
1906,130,wrecks,5193,0.02503369921047564
1907,101,wrecks,4386,0.02302781577747378
1908,87,wrecks,5474,0.015893313847278042
1909,172,wrecks,6443,0.026695638677634644
1910,115,wrecks,5008,0.022963258785942492
1804,1,cars,168,0.005952380952380952
1807,3,cars,59,0.05084745762711865
1811,2,cars,211,0.009478672985781991
1815,1,cars,247,0.004048582995951417
1819,1,cars,378,0.0026455026455026454
1820,1,cars,219,0.0045662100456621
1823,1,cars,226,0.004424778761061947
1824,2,cars,313,0.006389776357827476
1825,1,cars,118,0.00847457627118644
1826,2,cars,223,0.008968609865470852
1830,4,cars,717,0.005578800557880056
1831,1,cars,932,0.001072961373390558
1833,2,cars,519,0.0038535645472061657
1834,3,cars,483,0.006211180124223602
1835,4,cars,627,0.006379585326953748
1836,11,cars,604,0.018211920529801324
1837,5,cars,497,0.01006036217303823
1838,1,cars,373,0.002680965147453083
1839,8,cars,517,0.015473887814313346
1840,3,cars,469,0.006396588486140725
1841,5,cars,528,0.00946969696969697
1842,5,cars,811,0.006165228113440197
1843,2,cars,624,0.003205128205128205
1844,1,cars,290,0.0034482758620689655
1845,47,cars,636,0.07389937106918239
1846,27,cars,597,0.04522613065326633
1847,18,cars,794,0.022670025188916875
1848,11,cars,438,0.02511415525114155
1849,13,cars,487,0.026694045174537988
1850,24,cars,535,0.044859813084112146
1851,5,cars,283,0.0176678445229682
1852,9,cars,579,0.015544041450777202
1853,7,cars,555,0.012612612612612612
1854,13,cars,667,0.019490254872563718
1855,13,cars,764,0.017015706806282723
1856,6,cars,846,0.0070921985815602835
1857,4,cars,724,0.0055248618784530384
1858,7,cars,610,0.011475409836065573
1860,6,cars,580,0.010344827586206896
1861,11,cars,576,0.019097222222222224
1862,9,cars,449,0.0200445434298441
1863,12,cars,589,0.02037351443123939
1864,6,cars,439,0.01366742596810934
1865,9,cars,528,0.017045454545454544
1866,7,cars,419,0.016706443914081145
1867,17,cars,717,0.023709902370990237
1868,5,cars,481,0.010395010395010396
1869,6,cars,631,0.009508716323296355
1870,4,cars,684,0.005847953216374269
1871,8,cars,792,0.010101010101010102
1872,1,cars,607,0.0016474464579901153
1873,15,cars,746,0.020107238605898123
1874,7,cars,495,0.014141414141414142
1875,13,cars,865,0.015028901734104046
1876,11,cars,933,0.011789924973204717
1877,7,cars,893,0.007838745800671893
1878,10,cars,945,0.010582010582010581
1879,14,cars,846,0.016548463356973995
1880,18,cars,1264,0.014240506329113924
1881,18,cars,1629,0.011049723756906077
1882,10,cars,1477,0.006770480704129994
1883,37,cars,2947,0.012555140821174076
1884,26,cars,2168,0.011992619926199263
1885,29,cars,1549,0.01872175597159458
1886,46,cars,2811,0.016364283173247954
1887,85,cars,4399,0.01932257331211639
1888,46,cars,4589,0.010023970363913707
1889,53,cars,2889,0.018345448251990307
1890,59,cars,3259,0.018103712795335992
1891,20,cars,810,0.024691358024691357
1892,56,cars,2028,0.027613412228796843
1893,73,cars,2045,0.03569682151589242
1894,76,cars,2158,0.03521779425393883
1895,107,cars,2934,0.03646898432174506
1896,143,cars,3517,0.04065965311344896
1897,101,cars,2867,0.035228461806766656
1898,86,cars,2951,0.029142663503896982
1899,90,cars,2470,0.03643724696356275
1900,125,cars,4199,0.02976899261728983
1901,98,cars,3443,0.028463549230322394
1902,184,cars,5941,0.0309712169668406
1903,76,cars,2221,0.034218820351193155
1904,85,cars,3296,0.02578883495145631
1905,75,cars,3447,0.02175805047867711
1906,130,cars,5193,0.02503369921047564
1907,101,cars,4386,0.02302781577747378
1908,87,cars,5474,0.015893313847278042
1909,172,cars,6443,0.026695638677634644
1910,115,cars,5008,0.022963258785942492
1804,1,locomotives,168,0.005952380952380952
1807,3,locomotives,59,0.05084745762711865
1811,2,locomotives,211,0.009478672985781991
1815,1,locomotives,247,0.004048582995951417
1819,1,locomotives,378,0.0026455026455026454
1820,1,locomotives,219,0.0045662100456621
1823,1,locomotives,226,0.004424778761061947
1824,2,locomotives,313,0.006389776357827476
1825,1,locomotives,118,0.00847457627118644
1826,2,locomotives,223,0.008968609865470852
1830,4,locomotives,717,0.005578800557880056
1831,1,locomotives,932,0.001072961373390558
1833,2,locomotives,519,0.0038535645472061657
1834,3,locomotives,483,0.006211180124223602
1835,4,locomotives,627,0.006379585326953748
1836,11,locomotives,604,0.018211920529801324
1837,5,locomotives,497,0.01006036217303823
1838,1,locomotives,373,0.002680965147453083
1839,8,locomotives,517,0.015473887814313346
1840,3,locomotives,469,0.006396588486140725
1841,5,locomotives,528,0.00946969696969697
1842,5,locomotives,811,0.006165228113440197
1843,2,locomotives,624,0.003205128205128205
1844,1,locomotives,290,0.0034482758620689655
1845,47,locomotives,636,0.07389937106918239
1846,27,locomotives,597,0.04522613065326633
1847,18,locomotives,794,0.022670025188916875
1848,11,locomotives,438,0.02511415525114155
1849,13,locomotives,487,0.026694045174537988
1850,24,locomotives,535,0.044859813084112146
1851,5,locomotives,283,0.0176678445229682
1852,9,locomotives,579,0.015544041450777202
1853,7,locomotives,555,0.012612612612612612
1854,13,locomotives,667,0.019490254872563718
1855,13,locomotives,764,0.017015706806282723
1856,6,locomotives,846,0.0070921985815602835
1857,4,locomotives,724,0.0055248618784530384
1858,7,locomotives,610,0.011475409836065573
1860,6,locomotives,580,0.010344827586206896
1861,11,locomotives,576,0.019097222222222224
1862,9,locomotives,449,0.0200445434298441
1863,12,locomotives,589,0.02037351443123939
1864,6,locomotives,439,0.01366742596810934
1865,9,locomotives,528,0.017045454545454544
1866,7,locomotives,419,0.016706443914081145
1867,17,locomotives,717,0.023709902370990237
1868,5,locomotives,481,0.010395010395010396
1869,6,locomotives,631,0.009508716323296355
1870,4,locomotives,684,0.005847953216374269
1871,8,locomotives,792,0.010101010101010102
1872,1,locomotives,607,0.0016474464579901153
1873,15,locomotives,746,0.020107238605898123
1874,7,locomotives,495,0.014141414141414142
1875,13,locomotives,865,0.015028901734104046
1876,11,locomotives,933,0.011789924973204717
1877,7,locomotives,893,0.007838745800671893
1878,10,locomotives,945,0.010582010582010581
1879,14,locomotives,846,0.016548463356973995
1880,18,locomotives,1264,0.014240506329113924
1881,18,locomotives,1629,0.011049723756906077
1882,10,locomotives,1477,0.006770480704129994
1883,37,locomotives,2947,0.012555140821174076
1884,26,locomotives,2168,0.011992619926199263
1885,29,locomotives,1549,0.01872175597159458
1886,46,locomotives,2811,0.016364283173247954
1887,85,locomotives,4399,0.01932257331211639
1888,46,locomotives,4589,0.010023970363913707
1889,53,locomotives,2889,0.018345448251990307
1890,59,locomotives,3259,0.018103712795335992
1891,20,locomotives,810,0.024691358024691357
1892,56,locomotives,2028,0.027613412228796843
1893,73,locomotives,2045,0.03569682151589242
1894,76,locomotives,2158,0.03521779425393883
1895,107,locomotives,2934,0.03646898432174506
1896,143,locomotives,3517,0.04065965311344896
1897,101,locomotives,2867,0.035228461806766656
1898,86,locomotives,2951,0.029142663503896982
1899,90,locomotives,2470,0.03643724696356275
1900,125,locomotives,4199,0.02976899261728983
1901,98,locomotives,3443,0.028463549230322394
1902,184,locomotives,5941,0.0309712169668406
1903,76,locomotives,2221,0.034218820351193155
1904,85,locomotives,3296,0.02578883495145631
1905,75,locomotives,3447,0.02175805047867711
1906,130,locomotives,5193,0.02503369921047564
1907,101,locomotives,4386,0.02302781577747378
1908,87,locomotives,5474,0.015893313847278042
1909,172,locomotives,6443,0.026695638677634644
1910,115,locomotives,5008,0.022963258785942492
1804,1,highways,168,0.005952380952380952
1807,3,highways,59,0.05084745762711865
1811,2,highways,211,0.009478672985781991
1815,1,highways,247,0.004048582995951417
1819,1,highways,378,0.0026455026455026454
1820,1,highways,219,0.0045662100456621
1823,1,highways,226,0.004424778761061947
1824,2,highways,313,0.006389776357827476
1825,1,highways,118,0.00847457627118644
1826,2,highways,223,0.008968609865470852
1830,4,highways,717,0.005578800557880056
1831,1,highways,932,0.001072961373390558
1833,2,highways,519,0.0038535645472061657
1834,3,highways,483,0.006211180124223602
1835,4,highways,627,0.006379585326953748
1836,11,highways,604,0.018211920529801324
1837,5,highways,497,0.01006036217303823
1838,1,highways,373,0.002680965147453083
1839,8,highways,517,0.015473887814313346
1840,3,highways,469,0.006396588486140725
1841,5,highways,528,0.00946969696969697
1842,5,highways,811,0.006165228113440197
1843,2,highways,624,0.003205128205128205
1844,1,highways,290,0.0034482758620689655
1845,47,highways,636,0.07389937106918239
1846,27,highways,597,0.04522613065326633
1847,18,highways,794,0.022670025188916875
1848,11,highways,438,0.02511415525114155
1849,13,highways,487,0.026694045174537988
1850,24,highways,535,0.044859813084112146
1851,5,highways,283,0.0176678445229682
1852,9,highways,579,0.015544041450777202
1853,7,highways,555,0.012612612612612612
1854,13,highways,667,0.019490254872563718
1855,13,highways,764,0.017015706806282723
1856,6,highways,846,0.0070921985815602835
1857,4,highways,724,0.0055248618784530384
1858,7,highways,610,0.011475409836065573
1860,6,highways,580,0.010344827586206896
1861,11,highways,576,0.019097222222222224
1862,9,highways,449,0.0200445434298441
1863,12,highways,589,0.02037351443123939
1864,6,highways,439,0.01366742596810934
1865,9,highways,528,0.017045454545454544
1866,7,highways,419,0.016706443914081145
1867,17,highways,717,0.023709902370990237
1868,5,highways,481,0.010395010395010396
1869,6,highways,631,0.009508716323296355
1870,4,highways,684,0.005847953216374269
1871,8,highways,792,0.010101010101010102
1872,1,highways,607,0.0016474464579901153
1873,15,highways,746,0.020107238605898123
1874,7,highways,495,0.014141414141414142
1875,13,highways,865,0.015028901734104046
1876,11,highways,933,0.011789924973204717
1877,7,highways,893,0.007838745800671893
1878,10,highways,945,0.010582010582010581
1879,14,highways,846,0.016548463356973995
1880,18,highways,1264,0.014240506329113924
1881,18,highways,1629,0.011049723756906077
1882,10,highways,1477,0.006770480704129994
1883,37,highways,2947,0.012555140821174076
1884,26,highways,2168,0.011992619926199263
1885,29,highways,1549,0.01872175597159458
1886,46,highways,2811,0.016364283173247954
1887,85,highways,4399,0.01932257331211639
1888,46,highways,4589,0.010023970363913707
1889,53,highways,2889,0.018345448251990307
1890,59,highways,3259,0.018103712795335992
1891,20,highways,810,0.024691358024691357
1892,56,highways,2028,0.027613412228796843
1893,73,highways,2045,0.03569682151589242
1894,76,highways,2158,0.03521779425393883
1895,107,highways,2934,0.03646898432174506
1896,143,highways,3517,0.04065965311344896
1897,101,highways,2867,0.035228461806766656
1898,86,highways,2951,0.029142663503896982
1899,90,highways,2470,0.03643724696356275
1900,125,highways,4199,0.02976899261728983
1901,98,highways,3443,0.028463549230322394
1902,184,highways,5941,0.0309712169668406
1903,76,highways,2221,0.034218820351193155
1904,85,highways,3296,0.02578883495145631
1905,75,highways,3447,0.02175805047867711
1906,130,highways,5193,0.02503369921047564
1907,101,highways,4386,0.02302781577747378
1908,87,highways,5474,0.015893313847278042
1909,172,highways,6443,0.026695638677634644
1910,115,highways,5008,0.022963258785942492
